Filer_ID,Filer_NamL,Report_Num,Committee_Type,Rpt_Date,From_Date,Thru_Date,Elect_Date,tblCover_Office_Cd,tblCover_Offic_Dscr,Rec_Type,Form_Type,Tran_ID,Entity_Cd,Payee_NamL,Payee_NamF,Payee_NamT,Payee_NamS,Payee_Adr1,Payee_Adr2,Payee_City,Payee_State,Payee_Zip4,Expn_Date,Amount,Cum_YTD,Expn_ChkNo,Expn_Code,Expn_Dscr,Agent_NamL,Agent_NamF,Agent_NamT,Agent_NamS,Cmte_ID,Tres_NamL,Tres_NamF,Tres_NamT,Tres_NamS,Tres_Adr1,Tres_Adr2,Tres_City,Tres_ST,Tres_ZIP4,Cand_NamL,Cand_NamF,Cand_NamT,Cand_NamS,Office_Cd,Offic_Dscr,Juris_Cd,Juris_Dscr,Dist_No,Off_S_H_Cd,Bal_Name,Bal_Num,Bal_Juris,Sup_Opp_Cd,Memo_Code,Memo_RefNo,BakRef_TID,G_From_E_F,XRef_SchNm,XRef_Match
743393,"San Jose Firefighters, IAFF Local 230 Political Action Committee",000,RCP,41851,41777,41820,,,,EXPN,D,EXP25869,COM,Cortese for Mayor 2014,,,,,,San Jose,CA,95135,41817,1100.00,37166.90,,MON,,,,,,1362187,,,,,,,,,,Dave Cortese,,,,MAY,,OTH,"City of San Jose, CA",,,,,,S,,,,,,
743393,"San Jose Firefighters, IAFF Local 230 Political Action Committee",000,RCP,41851,41777,41820,,,,EXPN,D,EXP25871,COM,Maya Esparza for City Council 2014,,,,,,San Jose,CA,95122,41817,500.00,2486.54,,MON,,,,,,1362201,,,,,,,,,,Maya Esparza,,,,CCM,,OTH,"City of San Jose, CA",7,S,,,,S,,,,,,
743393,"San Jose Firefighters, IAFF Local 230 Political Action Committee",000,RCP,41851,41777,41820,,,,EXPN,D,EXP25873,COM,Paul Fong for San Jose City Council 2014,,,,,,San Jose,CA,95117,41817,500.00,1000.00,,MON,,,,,,1362111,,,,,,,,,,Paul Fong,,,,CCM,,OTH,"San Jose, CA",1,H,,,"San Jose, CA",S,,,,,,
743393,"San Jose Firefighters, IAFF Local 230 Political Action Committee",000,RCP,41851,41777,41820,,,,EXPN,D,EXP25870,COM,Raul Peralez for City Council 2014 D3,,,,,,San Jose,CA,95110,41817,500.00,500.00,,MON,,,,,,1362126,,,,,,,,,,Raul Peralez,,,,CCM,,OTH,"City of San Jose, CA",3,S,,,,S,,,,,,
980947,Association of Retired San Jose Police Officers and Firefighters Political Action Committee,000,RCP,41840,41777,41820,,,,EXPN,D,EXP934,COM,Cortese for Mayor 2014,,,,,,San Jose,CA,95135,41817,1100.00,6955.82,,MON,,,,,,1362187,,,,,,,,,,Dave Cortese,,,,MAY,,OTH,"City of San Jose, CA",,S,,,,S,,,,,,
980947,Association of Retired San Jose Police Officers and Firefighters Political Action Committee,000,RCP,41840,41777,41820,,,,EXPN,D,EXP932,COM,Paul Fong for San Jose City Council 2014,,,,,,Sunnyvale,CA,94085,41817,500.00,3242.64,,MON,,,,,,1362111,,,,,,,,,,Paul Fong,,,,CCM,,OTH,"City of San Jose, CA",1,,,,,S,,,,,,
980947,Association of Retired San Jose Police Officers and Firefighters Political Action Committee,000,RCP,41840,41777,41820,,,,EXPN,D,EXP933,COM,Raul Peralez for City Council 2014,,,,,,San Jose,CA,95110,41817,500.00,3013.16,,MON,,,,,,1362126,,,,,,,,,,Raul Peralez,,,,CCM,,OTH,"City of San Jose, CA",3,,,,,S,,,,,,
820668,San Jose Silicon Valley Chamber of Commerce Political Action Committee (ChamberPAC),000,RCP,41850,41777,41820,,,,EXPN,D,EDT451,COM,Charles Jones for City Council 2014,,,,,,San Jose,CA,95129,41778,7700.00,49082.52,,IND,Mailing,,,,,1361788,,,,,,,,,,Charles Jones,,,,CCM,,OTH,City of San Jose,01,,,,,S,,,,,,
820668,San Jose Silicon Valley Chamber of Commerce Political Action Committee (ChamberPAC),000,RCP,41850,41777,41820,,,,EXPN,D,EDT455,COM,Charles Jones for City Council 2014,,,,,,San Jose,CA,95129,41781,5650.00,49082.52,,IND,Mailing-1,,,,,1361788,,,,,,,,,,Charles Jones,,,,CCM,,OTH,City of San Jose,01,,,,,S,,,,,,
820668,San Jose Silicon Valley Chamber of Commerce Political Action Committee (ChamberPAC),000,RCP,41850,41777,41820,,,,EXPN,D,EDT459,COM,Charles Jones for City Council 2014,,,,,,San Jose,CA,95129,41787,7700.00,49082.52,,IND,Mailing -2,,,,,1361788,,,,,,,,,,Charles Jones,,,,CCM,,OTH,City of San Jose,01,,,,,S,,,,,,
820668,San Jose Silicon Valley Chamber of Commerce Political Action Committee (ChamberPAC),000,RCP,41850,41777,41820,,,,EXPN,D,EXP7718,COM,Charles Jones for City Council 2014,,,,,,San Jose,CA,95129,41813,500.00,49082.52,,MON,,,,,,1361788,,,,,,,,,,Charles Jones,,,,CCM,,OTH,City of San Jose,01,,,,,S,,,,,,
820668,San Jose Silicon Valley Chamber of Commerce Political Action Committee (ChamberPAC),000,RCP,41850,41777,41820,,,,EXPN,D,EXP7717,COM,Friends of Don Gagliardi for San Jose City Council 2014,,,,,,San Jose,CA,96113,41813,500.00,1000.00,,MON,,,,,,1362127,,,,,,,,,,Don Gagliardi,,,,CCM,,OTH,City of San Jose,08,,,,,S,,,,,,
820668,San Jose Silicon Valley Chamber of Commerce Political Action Committee (ChamberPAC),000,RCP,41850,41777,41820,,,,EXPN,D,EXP7716,COM,Neighbors for Sam Liccardo for Mayor 2014,,,,,,San Jose,CA,95117,41813,1100.00,2200.00,,MON,,,,,,1361139,,,,,,,,,,Sam Liccardo,,,,MAY,,OTH,City of San Jose,,,,,,S,,,,,,
820668,San Jose Silicon Valley Chamber of Commerce Political Action Committee (ChamberPAC),000,RCP,41850,41777,41820,,,,EXPN,D,EXP7681,COM,Yes on Measure B - Save San Jose Libraries,,,,,,San Jose,CA,95172-0878,41781,1000.00,1000.00,,MON,,,,,,1362030,,,,,,,,,,Yes on Measure B - Save San Jose Libraries,,,,,,,,,,,,,S,,,,,,
1321515,Santa Clara County Correctional Peace Officers' Association PIC,002,RCP,41848,41640,41715,41793,,,EXPN,D,EXP63705,COM,Peace Officers Research Association of California Political Issues Committee (PORAC PIC),,,,,,Sacramento,CA,95814,41655,20000.00,20000.00,,MON,,,,,,911908,,,,,,,,,,Peace Officers Research Association of California Political Issues Committee (PORAC PIC),,,,,,,,,,,,,S,,,,,,
1366242,"CITIZENS FOR A SAFE & STRONG SAN JOSE, SUPPORTING LICCARDO FOR MAYOR 2014",000,RCP,41843,41777,41820,,,,EXPN,D,PDT5,IND,SAM LICCARDO (I/E),,,,,,,,,41778,12150.00,239468.00,,IND,MAILER,,,,,,,,,,,,,,,SAM LICCARDO,,,,MAY,CITY OF SAN JOSE,,,,,,,,S,,,,,,
1366242,"CITIZENS FOR A SAFE & STRONG SAN JOSE, SUPPORTING LICCARDO FOR MAYOR 2014",000,RCP,41843,41777,41820,,,,EXPN,D,EDT23,IND,SAM LICCARDO (I/E),,,,,,,,,41780,34668.00,239468.00,,IND,MAILER,,,,,,,,,,,,,,,SAM LICCARDO,,,,MAY,CITY OF SAN JOSE,,,,,,,,S,,,,,,
1366242,"CITIZENS FOR A SAFE & STRONG SAN JOSE, SUPPORTING LICCARDO FOR MAYOR 2014",000,RCP,41843,41777,41820,,,,EXPN,D,EDT26,IND,SAM LICCARDO (I/E),,,,,,,,,41786,11305.00,239468.00,,IND,MAILER,,,,,,,,,,,,,,,SAM LICCARDO,,,,MAY,CITY OF SAN JOSE,,,,,,,,S,,,,,,
1366242,"CITIZENS FOR A SAFE & STRONG SAN JOSE, SUPPORTING LICCARDO FOR MAYOR 2014",000,RCP,41843,41777,41820,,,,EXPN,D,EDT25,IND,SAM LICCARDO (I/E),,,,,,,,,41787,1000.00,239468.00,,IND,RADIO ADS,,,,,,,,,,,,,,,SAM LICCARDO,,,,MAY,CITY OF SAN JOSE,,,,,,,,S,,,,,,
745208,California Apartment Association Political Action Committee,000,RCP,41851,41777,41820,,,,EXPN,D,EXP128876,COM,Committee to Elect David Livingston Sheriff,,,,,,Danville,CA,94526,41778,500.00,500.00,,MON,,,,,,1320665,,,,,,,,,,David Livingston,,,,SHC,,OTH,Contra Costa,,,,,,S,,,,,,
745208,California Apartment Association Political Action Committee,000,RCP,41851,41777,41820,,,,EXPN,D,EXP129044,COM,Holly J. Mitchell for Senate 2014,,,,,,SACRAMENTO,CA,95814,41779,1000.00,1000.00,,MON,,,,,,1361039,,,,,,,,,,Holly Mitchell,,,,SEN,,SEN,,26,,,,,S,,,,,,
745208,California Apartment Association Political Action Committee,000,RCP,41851,41777,41820,,,,EXPN,D,EXP129042,COM,Major General Richard D. Roth USAF (Ret.) for Senate 2012,,,,,,SACRAMENTO,CA,95814,41779,1000.00,1000.00,,MON,,,,,,1343709,,,,,,,,,,Richard Roth,,,,SEN,,SEN,,31,,,,,S,,,,,,
745208,California Apartment Association Political Action Committee,000,RCP,41851,41777,41820,,,,EXPN,D,EXP129049,COM,Bob Dutton for Assessor/Recorder,,,,,,RANCHO CUCAMONGA,CA,91739,41780,500.00,500.00,,MON,,,,,,1360128,,,,,,,,,,Bob Dutton,,,,ASR,,OTH,Riverside County,,,,,,S,,,,,,
745208,California Apartment Association Political Action Committee,000,RCP,41851,41777,41820,,,,EXPN,D,EDT355,COM,Dave Cortese for Mayor,,,,,,,,,41780,18374.95,59905.91,,IND,,,,,,,,,,,,,,,,Dave Cortese,,,,MAY,,OTH,San Jose,,,,,,O,,,,,,
745208,California Apartment Association Political Action Committee,000,RCP,41851,41777,41820,,,,EXPN,D,EXP129047,COM,Friends of Adam Rush City Council 2014,,,,,,RIVERSIDE,CA,92506,41780,1000.00,1000.00,,MON,,,,,,1325982,,,,,,,,,,Adam Rush,,,,CCM,,OTH,Riverside,,,,,,S,,,,,,
745208,California Apartment Association Political Action Committee,000,RCP,41851,41777,41820,,,,EXPN,D,EXP129048,COM,Gino filippi for Upland City Council 2014,,,,,,UPLAND,CA,91786,41780,250.00,250.00,,MON,,,,,,1329509,,,,,,,,,,Gino Filippi,,,,CCM,,OTH,Upland,,,,,,S,,,,,,
745208,California Apartment Association Political Action Committee,000,RCP,41851,41777,41820,,,,EXPN,D,EXP129046,COM,Janice Rutherford for Supervisor 2014,,,,,,Rancho Cucamonga,CA,91739,41780,1600.00,1600.00,,MON,,,,,,1325192,,,,,,,,,,Janice Rutherford,,,,CSU,,OTH,San Bernardino,2,,,,,S,,,,,,
745208,California Apartment Association Political Action Committee,000,RCP,41851,41777,41820,,,,EXPN,D,EXP129045,COM,Larry Walker Auditor Committee,,,,,,LOS ANGELES,CA,90010,41780,500.00,500.00,,MON,,,,,,971509,,,,,,,,,,Larry Walker,,,,CTR,,OTH,Riverside County,,,,,,S,,,,,,
745208,California Apartment Association Political Action Committee,000,RCP,41851,41777,41820,,,,EXPN,D,EXP129050,COM,Russ Blewett for City Council 2014,,,,,,Rancho Cucamonga,CA,91739,41780,300.00,300.00,,MON,,,,,,1327627,,,,,,,,,,Russ Blewett,,,,CCM,,OTH,Hesperia,,,,,,S,,,,,,
745208,California Apartment Association Political Action Committee,000,RCP,41851,41777,41820,,,,EXPN,D,EXP129052,COM,Rusty Bailey for Riverside's Mayor,,,,,,Lake Forest,CA,92630,41780,1000.00,1000.00,,MON,,,,,,1342302,,,,,,,,,,Rusty Bailey,,,,MAY,,OTH,Riverside,,,,,,S,,,,,,
745208,California Apartment Association Political Action Committee,000,RCP,41851,41777,41820,,,,EXPN,D,EXP129053,COM,Neighborhood Empowerment Coalition,,,,,,SACRAMENTO,CA,95814,41781,5000.00,5000.00,,MON,,,,,,1365355,,,,,,,,,,Neighborhood Empowerment Coalition,,,,,,,,,,,,,S,,,,,,
745208,California Apartment Association Political Action Committee,000,RCP,41851,41777,41820,,,,EXPN,D,EDT359,COM,Dave Cortese for Mayor,,,,,,,,,41786,14156.01,59905.91,,IND,,,,,,,,,,,,,,,,Dave Cortese,,,,MAY,,OTH,San Jose,,,,,,O,,,,,,
745208,California Apartment Association Political Action Committee,000,RCP,41851,41777,41820,,,,EXPN,D,EXP129340,COM,Das Williams for Assembly 2014,,,,,,SACRAMENTO,CA,95814,41787,2000.00,2000.00,,MON,,,,,,1353473,,,,,,,,,,Das Williams,,,,ASM,,ASM,,35,,,,,S,,,,,,
745208,California Apartment Association Political Action Committee,000,RCP,41851,41777,41820,,,,EXPN,D,EXP129682,COM,Neighbors for Sam Liccardo for Mayor 2014,,,,,,SAN JOSE,CA,95126,41794,1100.00,1100.00,,MON,,,,,,1361139,,,,,,,,,,Sam liccardo,,,,MAY,,OTH,San Jose,,,,,,S,,,,,,
745208,California Apartment Association Political Action Committee,000,RCP,41851,41777,41820,,,,EXPN,D,EXP133125,COM,Cheryl R. Brown for Assembly 2014,,,,,,SACRAMENTO,CA,95814,41799,2500.00,2500.00,,MON,,,,,,1354845,,,,,,,,,,Cheryl Brown,,,,ASM,,ASM,,47,,,,,S,,,,,,
745208,California Apartment Association Political Action Committee,000,RCP,41851,41777,41820,,,,EXPN,D,EXP133124,COM,Galgiani for Senate 2016,,,,,,SACRAMENTO,CA,95827,41799,3100.00,3100.00,,MON,,,,,,1353849,,,,,,,,,,Cathleen Galgiani,,,,SEN,,SEN,,5,,,,,S,,,,,,
745208,California Apartment Association Political Action Committee,000,RCP,41851,41777,41820,,,,EXPN,D,EXP133123,COM,Voigts for Lake Forest 2014,,,,,,LAKE FOREST,CA,92630,41799,500.00,500.00,,MON,,,,,,1331261,,,,,,,,,,Scott Voigts,,,,CCM,,OTH,Lake Forest,,,,,,S,,,,,,
745208,California Apartment Association Political Action Committee,000,RCP,41851,41777,41820,,,,EXPN,D,EXP133135,COM,Dr. Richard Pan for Senate 2014,,,,,,SACRAMENTO,CA,95814,41803,4100.00,6200.00,,MON,,,,,,1353471,,,,,,,,,,Richard Pan,,,,SEN,,SEN,,6,,,,,S,,,,,,
745208,California Apartment Association Political Action Committee,000,RCP,41851,41777,41820,,,,EXPN,D,EXP133136,COM,Fuller for Senate 2014,,,,,,Elk Grove,CA,95624,41803,1000.00,1000.00,,MON,,,,,,1333812,,,,,,,,,,Jean Fuller,,,,SEN,,SEN,,18,,,,,S,,,,,,
745208,California Apartment Association Political Action Committee,000,RCP,41851,41777,41820,,,,EXPN,D,EXP133132,COM,Marie Waldron for State Assembly 2014,,,,,,SAN DIEGO,CA,92119,41803,1000.00,1000.00,,MON,,,,,,135821,,,,,,,,,,Marie Waldron,,,,ASM,,ASM,,75,,,,,S,,,,,,
745208,California Apartment Association Political Action Committee,000,RCP,41851,41777,41820,,,,EXPN,D,EXP133131,COM,Mitch Englander for City Council,,,,,,Los Angeles,CA,90017,41803,700.00,700.00,,MON,,,,,,1321061,,,,,,,,,,Mitch Englander,,,,CCM,,OTH,Los Angeles,,,,,,S,,,,,,
745208,California Apartment Association Political Action Committee,000,RCP,41851,41777,41820,,,,EXPN,D,EXP133134,COM,Patterson for Assembly 2014,,,,,,FRESNO,CA,93721,41803,1000.00,1000.00,,MON,,,,,,1353680,,,,,,,,,,Jim Patterson,,,,ASM,,ASM,,23,,,,,S,,,,,,
745208,California Apartment Association Political Action Committee,000,RCP,41851,41777,41820,,,,EXPN,D,EXP133133,COM,V. Manuel Perez for Officeholder 2012,,,,,,SACRAMENTO,CA,95814,41803,1000.00,1000.00,,MON,,,,,,1354460,,,,,,,,,,V. Manuel Perez,,,,ASM,,ASM,,80,,,,,S,,,,,,
745208,California Apartment Association Political Action Committee,000,RCP,41851,41777,41820,,,,EXPN,D,EXP133130,COM,Wesson for City Council 2015,,,,,,ENCINO,CA,91436,41803,700.00,700.00,,MON,,,,,,1360622,,,,,,,,,,Herb Wesson,,,,CCM,,OTH,Los Angeles,,,,,,S,,,,,,
745208,California Apartment Association Political Action Committee,000,RCP,41851,41777,41820,,,,EXPN,D,EXP133141,COM,Charles Jones for City Council 2014,,,,,,SAN JOSE,CA,95129,41814,500.00,1000.00,,MON,,,,,,1361788,,,,,,,,,,Charles Jones,,,,CCM,,OTH,San Jose,1,,,,,S,,,,,,
745208,California Apartment Association Political Action Committee,000,RCP,41851,41777,41820,,,,EXPN,D,EXP133140,COM,Friends of Don Gagliardi,,,,,,SAN JOSE,CA,95113,41814,500.00,1000.00,,MON,,,,,,1362127,,,,,,,,,,Don Gagliardi,,,,CCM,,OTH,San Jose,3,,,,,S,,,,,,
745208,California Apartment Association Political Action Committee,000,RCP,41851,41777,41820,,,,EXPN,D,EXP133142,COM,Phil Ting for Assembly 2014,,,,,,SAN FRANCISCO,CA,94102,41814,1000.00,1000.00,,MON,,,,,,1353778,,,,,,,,,,Phil Ting,,,,ASM,,ASM,,19,,,,,S,,,,,,
745208,California Apartment Association Political Action Committee,000,RCP,41851,41777,41820,,,,EXPN,D,EXP133146,COM,Nury Martinez for City Council 2013 Officeholder Account,,,,,,LONG BEACH,CA,90807,41820,500.00,500.00,,MON,,,,,,1354456,,,,,,,,,,Nury Martinez,,,,CCM,,OTH,Los Angeles,6,,,,,S,,,,,,
820668,San Jose Silicon Valley Chamber of Commerce Political Action Committee (ChamberPAC),002,RCP,41829,41716,41776,,,,EXPN,D,EXP7520,COM,Friends of Don Gagliardi for San Jose City Council 2014,,,,,,San Jose,CA,96113,41723,500.00,500.00,,MON,,,,,,1362127,,,,,,,,,,Don Gagliardi,,,,CCM,,OTH,City of San Jose,08,,,,,S,,,,,,
820668,San Jose Silicon Valley Chamber of Commerce Political Action Committee (ChamberPAC),002,RCP,41829,41716,41776,,,,EXPN,D,EXP7524,COM,Van Le for San Jose City Council 2014,,,,,,San Jose,CA,95151,41724,500.00,20377.03,,MON,,,,,,1360909,,,,,,,,,,Van Le,,,,CCM,,OTH,City of San Jose,07,,,,,S,,,,,,
820668,San Jose Silicon Valley Chamber of Commerce Political Action Committee (ChamberPAC),002,RCP,41829,41716,41776,,,,EXPN,D,EXP7564,COM,Madison Nguyen for Mayor 2014,,,,,,San Jose,CA,95148,41746,1100.00,1100.00,,MON,,,,,,1359805,,,,,,,,,,Madison Nguyen,,,,MAY,,OTH,City of San Jose,,,,,,S,,,,,,
820668,San Jose Silicon Valley Chamber of Commerce Political Action Committee (ChamberPAC),002,RCP,41829,41716,41776,,,,EXPN,D,EXP7566,COM,Neighbors for Sam Liccardo for Mayor 2014,,,,,,San Jose,CA,95117,41746,1100.00,1100.00,,MON,,,,,,1361139,,,,,,,,,,Sam Liccardo,,,,MAY,,OTH,City of San Jose,,,,,,S,,,,,,
820668,San Jose Silicon Valley Chamber of Commerce Political Action Committee (ChamberPAC),002,RCP,41829,41716,41776,,,,EXPN,D,EXP7567,COM,Pierluigi Oliverio for Mayor 2014,,,,,,San Jose,CA,95150,41746,1100.00,1100.00,,MON,,,,,,1362117,,,,,,,,,,Pierluigi Oliverio,,,,MAY,,OTH,City of San Jose,,,,,,S,,,,,,
820668,San Jose Silicon Valley Chamber of Commerce Political Action Committee (ChamberPAC),002,RCP,41829,41716,41776,,,,EXPN,D,EXP7565,COM,Rose Herrera for Mayor 2014,,,,,,San Jose,CA,95148,41746,1100.00,1100.00,,MON,,,,,,1362068,,,,,,,,,,Rose Herrera,,,,MAY,,OTH,City of San Jose,,,,,,S,,,,,,
820668,San Jose Silicon Valley Chamber of Commerce Political Action Committee (ChamberPAC),002,RCP,41829,41716,41776,,,,EXPN,D,EDT410,COM,Gagliardi,Don,,,,,,,,41757,22723.61,44009.21,,IND,Mailing,,,,,1362127,,,,,,,,,,Don Gagliardi,,,,CCM,,OTH,City of San Jose-District 3,3,,,,,S,,,,,,
820668,San Jose Silicon Valley Chamber of Commerce Political Action Committee (ChamberPAC),002,RCP,41829,41716,41776,,,,EXPN,D,EDT405,COM,Magdalena Carrasco for City Council 2014,,,,,,San Jose,CA,95127,41757,20763.84,37918.64,,IND,Mailing,,,,,1362219,,,,,,,,,,Magdalena Carrasco,,,,CCM,,OTH,City of San Jose,05,,,,,S,,,,,,
820668,San Jose Silicon Valley Chamber of Commerce Political Action Committee (ChamberPAC),002,RCP,41829,41716,41776,,,,EXPN,D,EDT414,COM,Charles Jones for City Council 2014,,,,,,San Jose,CA,95129,41764,17430.40,27532.52,,IND,Mailing,,,,,1361788,,,,,,,,,,Charles Jones,,,,CCM,,OTH,City of San Jose,01,,,,,S,,,,,,
820668,San Jose Silicon Valley Chamber of Commerce Political Action Committee (ChamberPAC),002,RCP,41829,41716,41776,,,,EXPN,D,EDT423,COM,Van Le for San Jose City Council 2014,,,,,,San Jose,CA,95151,41766,11716.02,20377.03,,IND,Mailing,,,,,1360909,,,,,,,,,,Van Le,,,,CCM,,OTH,City of San Jose,07,,,,,S,,,,,,
820668,San Jose Silicon Valley Chamber of Commerce Political Action Committee (ChamberPAC),002,RCP,41829,41716,41776,,,,EXPN,D,EDT424,COM,Magdalena Carrasco for City Council 2014,,,,,,San Jose,CA,95127,41773,6887.56,37918.64,,IND,Mailing,,,,,1362219,,,,,,,,,,Magdalena Carrasco,,,,CCM,,OTH,City of San Jose,05,,,,,S,,,,,,
820668,San Jose Silicon Valley Chamber of Commerce Political Action Committee (ChamberPAC),002,RCP,41829,41716,41776,,,,EXPN,D,EDT443,COM,Charles Jones for City Council 2014,,,,,,San Jose,CA,95129,41774,9602.12,27532.52,,IND,Mailing,,,,,1361788,,,,,,,,,,Charles Jones,,,,CCM,,OTH,City of San Jose,01,,,,,S,,,,,,
820668,San Jose Silicon Valley Chamber of Commerce Political Action Committee (ChamberPAC),002,RCP,41829,41716,41776,,,,EXPN,D,EDT435,COM,Gagliardi,Don,,,,,,,,41774,7095.20,44009.21,,IND,Mailing,,,,,1362127,,,,,,,,,,Don Gagliardi,,,,CCM,,OTH,City of San Jose-District 3,3,,,,,S,,,,,,
820668,San Jose Silicon Valley Chamber of Commerce Political Action Committee (ChamberPAC),002,RCP,41829,41716,41776,,,,EXPN,D,EDT429,COM,Magdalena Carrasco for City Council 2014,,,,,,San Jose,CA,95127,41774,9767.24,37918.64,,IND,Mailing,,,,,1362219,,,,,,,,,,Magdalena Carrasco,,,,CCM,,OTH,City of San Jose,05,,,,,S,,,,,,
820668,San Jose Silicon Valley Chamber of Commerce Political Action Committee (ChamberPAC),002,RCP,41829,41716,41776,,,,EXPN,D,EDT439,COM,Van Le for San Jose City Council 2014,,,,,,San Jose,CA,95151,41774,8161.01,20377.03,,IND,Mailing,,,,,1360909,,,,,,,,,,Van Le,,,,CCM,,OTH,City of San Jose,07,,,,,S,,,,,,
820668,San Jose Silicon Valley Chamber of Commerce Political Action Committee (ChamberPAC),002,RCP,41829,41716,41776,,,,EXPN,D,EDT447,COM,Gagliardi,Don,,,,,,,,41775,14190.40,44009.21,,IND,Mailing,,,,,1362127,,,,,,,,,,Don Gagliardi,,,,CCM,,OTH,City of San Jose-District 3,3,,,,,S,,,,,,
1321515,Santa Clara County Correctional Peace Officers' Association PIC,001,RCP,41792,41275,41715,41793,,,EXPN,D,EXP63705,COM,Peace Officers Research Association of California Political Issues Committee (PORAC PIC),,,,,,Sacramento,CA,95814,41655,20000.00,20000.00,,MON,,,,,,911908,,,,,,,,,,Peace Officers Research Association of California Political Issues Committee (PORAC PIC),,,,,,,,,,,,,S,,,,,,
820668,San Jose Silicon Valley Chamber of Commerce Political Action Committee (ChamberPAC),001,RCP,41789,41716,41776,,,,EXPN,D,EXP7520,COM,Friends of Don Gagliardi for San Jose City Council 2014,,,,,,San Jose,CA,96113,41723,500.00,500.00,,MON,,,,,,1362127,,,,,,,,,,Don Gagliardi,,,,CCM,,OTH,City of San Jose,08,,,,,S,,,,,,
820668,San Jose Silicon Valley Chamber of Commerce Political Action Committee (ChamberPAC),001,RCP,41789,41716,41776,,,,EXPN,D,EXP7524,COM,Van Le for San Jose City Council 2014,,,,,,San Jose,CA,95151,41724,500.00,20377.03,,MON,,,,,,1360909,,,,,,,,,,Van Le,,,,CCM,,OTH,City of San Jose,07,,,,,S,,,,,,
820668,San Jose Silicon Valley Chamber of Commerce Political Action Committee (ChamberPAC),001,RCP,41789,41716,41776,,,,EXPN,D,EXP7564,COM,Madison Nguyen for Mayor 2014,,,,,,San Jose,CA,95148,41746,1100.00,1100.00,,MON,,,,,,1359805,,,,,,,,,,Madison Nguyen,,,,MAY,,OTH,City of San Jose,,,,,,S,,,,,,
820668,San Jose Silicon Valley Chamber of Commerce Political Action Committee (ChamberPAC),001,RCP,41789,41716,41776,,,,EXPN,D,EXP7566,COM,Neighbors for Sam Liccardo for Mayor 2014,,,,,,San Jose,CA,95117,41746,1100.00,1100.00,,MON,,,,,,1361139,,,,,,,,,,Sam Liccardo,,,,MAY,,OTH,City of San Jose,,,,,,S,,,,,,
820668,San Jose Silicon Valley Chamber of Commerce Political Action Committee (ChamberPAC),001,RCP,41789,41716,41776,,,,EXPN,D,EXP7567,COM,Pierluigi Oliverio for Mayor 2014,,,,,,San Jose,CA,95150,41746,1100.00,1100.00,,MON,,,,,,1362117,,,,,,,,,,Pierluigi Oliverio,,,,MAY,,OTH,City of San Jose,,,,,,S,,,,,,
820668,San Jose Silicon Valley Chamber of Commerce Political Action Committee (ChamberPAC),001,RCP,41789,41716,41776,,,,EXPN,D,EXP7565,COM,Rose Herrera for Mayor 2014,,,,,,San Jose,CA,95148,41746,1100.00,1100.00,,MON,,,,,,1362068,,,,,,,,,,Rose Herrera,,,,MAY,,OTH,City of San Jose,,,,,,S,,,,,,
820668,San Jose Silicon Valley Chamber of Commerce Political Action Committee (ChamberPAC),001,RCP,41789,41716,41776,,,,EXPN,D,EDT410,COM,Gagliardi,Don,,,,,,,,41757,22723.61,44009.21,,IND,Mailing,,,,,1362127,,,,,,,,,,Don Gagliardi,,,,CCM,,OTH,City of San Jose-District 3,3,,,,,S,,,,,,
820668,San Jose Silicon Valley Chamber of Commerce Political Action Committee (ChamberPAC),001,RCP,41789,41716,41776,,,,EXPN,D,EDT405,COM,Magdalena Carrasco for City Council 2014,,,,,,San Jose,CA,95127,41757,20763.84,37918.64,,IND,Mailing,,,,,1362219,,,,,,,,,,Magdalena Carrasco,,,,CCM,,OTH,City of San Jose,05,,,,,S,,,,,,
820668,San Jose Silicon Valley Chamber of Commerce Political Action Committee (ChamberPAC),001,RCP,41789,41716,41776,,,,EXPN,D,EDT414,COM,Charles Jones for City Council 2014,,,,,,San Jose,CA,95129,41764,17430.40,27532.52,,IND,Mailing,,,,,1361788,,,,,,,,,,Charles Jones,,,,CCM,,OTH,City of San Jose,01,,,,,S,,,,,,
820668,San Jose Silicon Valley Chamber of Commerce Political Action Committee (ChamberPAC),001,RCP,41789,41716,41776,,,,EXPN,D,EDT423,COM,Van Le for San Jose City Council 2014,,,,,,San Jose,CA,95151,41766,11716.02,20377.03,,IND,Mailing,,,,,1360909,,,,,,,,,,Van Le,,,,CCM,,OTH,City of San Jose,07,,,,,S,,,,,,
820668,San Jose Silicon Valley Chamber of Commerce Political Action Committee (ChamberPAC),001,RCP,41789,41716,41776,,,,EXPN,D,EDT424,COM,Magdalena Carrasco for City Council 2014,,,,,,San Jose,CA,95127,41773,6887.56,37918.64,,IND,Mailing,,,,,1362219,,,,,,,,,,Magdalena Carrasco,,,,CCM,,OTH,City of San Jose,05,,,,,S,,,,,,
820668,San Jose Silicon Valley Chamber of Commerce Political Action Committee (ChamberPAC),001,RCP,41789,41716,41776,,,,EXPN,D,EDT443,COM,Charles Jones for City Council 2014,,,,,,San Jose,CA,95129,41774,9602.12,27532.52,,IND,Mailing,,,,,1361788,,,,,,,,,,Charles Jones,,,,CCM,,OTH,City of San Jose,01,,,,,S,,,,,,
820668,San Jose Silicon Valley Chamber of Commerce Political Action Committee (ChamberPAC),001,RCP,41789,41716,41776,,,,EXPN,D,EDT435,COM,Gagliardi,Don,,,,,,,,41774,7095.20,44009.21,,IND,Mailing,,,,,1362127,,,,,,,,,,Don Gagliardi,,,,CCM,,OTH,City of San Jose-District 3,3,,,,,S,,,,,,
820668,San Jose Silicon Valley Chamber of Commerce Political Action Committee (ChamberPAC),001,RCP,41789,41716,41776,,,,EXPN,D,EDT429,COM,Magdalena Carrasco for City Council 2014,,,,,,San Jose,CA,95127,41774,9767.24,37918.64,,IND,Mailing,,,,,1362219,,,,,,,,,,Magdalena Carrasco,,,,CCM,,OTH,City of San Jose,05,,,,,S,,,,,,
820668,San Jose Silicon Valley Chamber of Commerce Political Action Committee (ChamberPAC),001,RCP,41789,41716,41776,,,,EXPN,D,EDT439,COM,Van Le for San Jose City Council 2014,,,,,,San Jose,CA,95151,41774,8161.01,20377.03,,IND,Mailing,,,,,1360909,,,,,,,,,,Van Le,,,,CCM,,OTH,City of San Jose,07,,,,,S,,,,,,
820668,San Jose Silicon Valley Chamber of Commerce Political Action Committee (ChamberPAC),001,RCP,41789,41716,41776,,,,EXPN,D,EDT447,COM,Gagliardi,Don,,,,,,,,41775,14190.40,44009.21,,IND,Mailing,,,,,1362127,,,,,,,,,,Don Gagliardi,,,,CCM,,OTH,City of San Jose-District 3,3,,,,,S,,,,,,
1365924,Silicon Valley Fraternal Order of Police Supporting Magdalena Carrasco and Opposing Xavier Campos for City Council 2014,000,RCP,41781,41640,41776,41793,,,EXPN,D,PDT5,IND,Campos,Xavier,,,,,,,,41758,7348.84,36744.19,,IND,Mailer,,,,,,,,,,,,,,,Xavier Campos,,,,CCM,,OTH,"City of San Jose, #5",,H,,,,O,,,,,,
1365924,Silicon Valley Fraternal Order of Police Supporting Magdalena Carrasco and Opposing Xavier Campos for City Council 2014,000,RCP,41781,41640,41776,41793,,,EXPN,D,PDT7,IND,Campos,Xavier,,,,,,,,41759,9798.45,36744.19,,IND,Mailer,,,,,,,,,,,,,,,Xavier Campos,,,,CCM,,OTH,"City of San Jose, #5",,H,,,,O,,,,,,
1365924,Silicon Valley Fraternal Order of Police Supporting Magdalena Carrasco and Opposing Xavier Campos for City Council 2014,000,RCP,41781,41640,41776,41793,,,EXPN,D,PDT8,IND,Campos,Xavier,,,,,,,,41765,9798.45,36744.19,,IND,Mailer,,,,,,,,,,,,,,,Xavier Campos,,,,CCM,,OTH,"City of San Jose, #5",,H,,,,O,,,,,,
1365924,Silicon Valley Fraternal Order of Police Supporting Magdalena Carrasco and Opposing Xavier Campos for City Council 2014,000,RCP,41781,41640,41776,41793,,,EXPN,D,PDT12,IND,Campos,Xavier,,,,,,,,41772,9798.45,36744.19,,IND,Mailer,,,,,,,,,,,,,,,Xavier Campos,,,,CCM,,OTH,"City of San Jose, #5",,H,,,,O,,,,,,
1365924,Silicon Valley Fraternal Order of Police Supporting Magdalena Carrasco and Opposing Xavier Campos for City Council 2014,000,RCP,41781,41640,41776,41793,,,EXPN,D,PDT6,IND,Carrasco,Magdalena,,,,,,,,41758,2449.61,2449.61,,IND,Mailer,,,,,,,,,,,,,,,Magdalena Carrasco,,,,CCM,,OTH,"City of San Jose, #5",,,,,,S,,,,,,
820668,San Jose Silicon Valley Chamber of Commerce Political Action Committee (ChamberPAC),000,RCP,41781,41716,41776,,,,EXPN,D,EXP7520,COM,Friends of Don Gagliardi for San Jose City Council 2014,,,,,,San Jose,CA,96113,41723,500.00,500.00,,MON,,,,,,1362127,,,,,,,,,,Don Gagliardi,,,,CCM,,OTH,City of San Jose,08,,,,,S,,,,,,
820668,San Jose Silicon Valley Chamber of Commerce Political Action Committee (ChamberPAC),000,RCP,41781,41716,41776,,,,EXPN,D,EXP7524,COM,Van Le for San Jose City Council 2014,,,,,,San Jose,CA,95151,41724,500.00,20377.02,,MON,,,,,,1360909,,,,,,,,,,Van Le,,,,CCM,,OTH,City of San Jose,07,,,,,S,,,,,,
820668,San Jose Silicon Valley Chamber of Commerce Political Action Committee (ChamberPAC),000,RCP,41781,41716,41776,,,,EXPN,D,EXP7564,COM,Madison Nguyen for Mayor 2014,,,,,,San Jose,CA,95148,41746,1100.00,1100.00,,MON,,,,,,1359805,,,,,,,,,,Madison Nguyen,,,,MAY,,OTH,City of San Jose,,,,,,S,,,,,,
820668,San Jose Silicon Valley Chamber of Commerce Political Action Committee (ChamberPAC),000,RCP,41781,41716,41776,,,,EXPN,D,EXP7566,COM,Neighbors for Sam Liccardo for Mayor 2014,,,,,,San Jose,CA,95117,41746,1100.00,1100.00,,MON,,,,,,1361139,,,,,,,,,,Sam Liccardo,,,,MAY,,OTH,City of San Jose,,,,,,S,,,,,,
820668,San Jose Silicon Valley Chamber of Commerce Political Action Committee (ChamberPAC),000,RCP,41781,41716,41776,,,,EXPN,D,EXP7567,COM,Pierluigi Oliverio for Mayor 2014,,,,,,San Jose,CA,95150,41746,1100.00,1100.00,,MON,,,,,,1362117,,,,,,,,,,Pierluigi Oliverio,,,,MAY,,OTH,City of San Jose,,,,,,S,,,,,,
820668,San Jose Silicon Valley Chamber of Commerce Political Action Committee (ChamberPAC),000,RCP,41781,41716,41776,,,,EXPN,D,EXP7565,COM,Rose Herrera for Mayor 2014,,,,,,San Jose,CA,95148,41746,1100.00,1100.00,,MON,,,,,,1362068,,,,,,,,,,Rose Herrera,,,,MAY,,OTH,City of San Jose,,,,,,S,,,,,,
820668,San Jose Silicon Valley Chamber of Commerce Political Action Committee (ChamberPAC),000,RCP,41781,41716,41776,,,,EXPN,D,EDT410,COM,Gagliardi,Don,,,,,,,,41757,22723.61,44009.21,,IND,Mailing,,,,,1362127,,,,,,,,,,Don Gagliardi,,,,CCM,,OTH,City of San Jose-District 3,3,,,,,S,,,,,,
820668,San Jose Silicon Valley Chamber of Commerce Political Action Committee (ChamberPAC),000,RCP,41781,41716,41776,,,,EXPN,D,EDT405,COM,Magdalena Carrasco for City Council 2014,,,,,,San Jose,CA,95127,41757,20763.84,37918.64,,IND,Mailing,,,,,1362219,,,,,,,,,,Magdalena Carrasco,,,,CCM,,OTH,City of San Jose,05,,,,,S,,,,,,
820668,San Jose Silicon Valley Chamber of Commerce Political Action Committee (ChamberPAC),000,RCP,41781,41716,41776,,,,EXPN,D,EDT414,COM,Charles Jones for City Council 2014,,,,,,San Jose,CA,95129,41764,17430.40,27532.52,,IND,Mailing,,,,,1361788,,,,,,,,,,Charles Jones,,,,CCM,,OTH,City of San Jose,01,,,,,S,,,,,,
820668,San Jose Silicon Valley Chamber of Commerce Political Action Committee (ChamberPAC),000,RCP,41781,41716,41776,,,,EXPN,D,EDT423,COM,Van Le for San Jose City Council 2014,,,,,,San Jose,CA,95151,41766,11716.01,20377.02,,IND,Mailing,,,,,1360909,,,,,,,,,,Van Le,,,,CCM,,OTH,City of San Jose,07,,,,,S,,,,,,
820668,San Jose Silicon Valley Chamber of Commerce Political Action Committee (ChamberPAC),000,RCP,41781,41716,41776,,,,EXPN,D,EDT424,COM,Magdalena Carrasco for City Council 2014,,,,,,San Jose,CA,95127,41773,6887.56,37918.64,,IND,Mailing,,,,,1362219,,,,,,,,,,Magdalena Carrasco,,,,CCM,,OTH,City of San Jose,05,,,,,S,,,,,,
820668,San Jose Silicon Valley Chamber of Commerce Political Action Committee (ChamberPAC),000,RCP,41781,41716,41776,,,,EXPN,D,EDT443,COM,Charles Jones for City Council 2014,,,,,,San Jose,CA,95129,41774,9602.12,27532.52,,IND,Mailing,,,,,1361788,,,,,,,,,,Charles Jones,,,,CCM,,OTH,City of San Jose,01,,,,,S,,,,,,
820668,San Jose Silicon Valley Chamber of Commerce Political Action Committee (ChamberPAC),000,RCP,41781,41716,41776,,,,EXPN,D,EDT435,COM,Gagliardi,Don,,,,,,,,41774,7095.20,44009.21,,IND,Mailing,,,,,1362127,,,,,,,,,,Don Gagliardi,,,,CCM,,OTH,City of San Jose-District 3,3,,,,,S,,,,,,
820668,San Jose Silicon Valley Chamber of Commerce Political Action Committee (ChamberPAC),000,RCP,41781,41716,41776,,,,EXPN,D,EDT429,COM,Magdalena Carrasco for City Council 2014,,,,,,San Jose,CA,95127,41774,9767.24,37918.64,,IND,Mailing,,,,,1362219,,,,,,,,,,Magdalena Carrasco,,,,CCM,,OTH,City of San Jose,05,,,,,S,,,,,,
820668,San Jose Silicon Valley Chamber of Commerce Political Action Committee (ChamberPAC),000,RCP,41781,41716,41776,,,,EXPN,D,EDT439,COM,Van Le for San Jose City Council 2014,,,,,,San Jose,CA,95151,41774,8161.01,20377.02,,IND,Mailing,,,,,1360909,,,,,,,,,,Van Le,,,,CCM,,OTH,City of San Jose,07,,,,,S,,,,,,
820668,San Jose Silicon Valley Chamber of Commerce Political Action Committee (ChamberPAC),000,RCP,41781,41716,41776,,,,EXPN,D,EDT447,COM,Gagliardi,Don,,,,,,,,41775,14190.40,44009.21,,IND,Mailing,,,,,1362127,,,,,,,,,,Don Gagliardi,,,,CCM,,OTH,City of San Jose-District 3,3,,,,,S,,,,,,
1366242,"CITIZENS FOR A SAFE & STRONG SAN JOSE, SUPPORTING LICCARDO FOR MAYOR 2014",000,RCP,41781,41640,41776,41793,,,EXPN,D,EDT1,IND,SAM LICCARDO (I/E),,,,,,,,,41764,38500.00,180345.00,,IND,MAILER,,,,,,,,,,,,,,,SAM LICCARDO,,,,MAY,CITY OF SAN JOSE,,,,,,,,S,,,,,,
1366242,"CITIZENS FOR A SAFE & STRONG SAN JOSE, SUPPORTING LICCARDO FOR MAYOR 2014",000,RCP,41781,41640,41776,41793,,,EXPN,D,EDT2,IND,SAM LICCARDO (I/E),,,,,,,,,41765,21540.00,180345.00,,IND,MAILER,,,,,,,,,,,,,,,SAM LICCARDO,,,,MAY,CITY OF SAN JOSE,,,,,,,,S,,,,,,
1366242,"CITIZENS FOR A SAFE & STRONG SAN JOSE, SUPPORTING LICCARDO FOR MAYOR 2014",000,RCP,41781,41640,41776,41793,,,EXPN,D,EDT3,IND,SAM LICCARDO (I/E),,,,,,,,,41767,1980.00,180345.00,,IND,POLLING,,,,,,,,,,,,,,,SAM LICCARDO,,,,MAY,CITY OF SAN JOSE,,,,,,,,S,,,,,,
1366242,"CITIZENS FOR A SAFE & STRONG SAN JOSE, SUPPORTING LICCARDO FOR MAYOR 2014",000,RCP,41781,41640,41776,41793,,,EXPN,D,EDT19,IND,SAM LICCARDO (I/E),,,,,,,,,41767,15000.00,180345.00,,IND,RADIO ADS,,,,,,,,,,,,,,,SAM LICCARDO,,,,MAY,CITY OF SAN JOSE,,,,,,,,S,,,,,,
1366242,"CITIZENS FOR A SAFE & STRONG SAN JOSE, SUPPORTING LICCARDO FOR MAYOR 2014",000,RCP,41781,41640,41776,41793,,,EXPN,D,EDT20,IND,SAM LICCARDO (I/E),,,,,,,,,41767,25000.00,180345.00,,IND,ONLINE ADS,,,,,,,,,,,,,,,SAM LICCARDO,,,,MAY,CITY OF SAN JOSE,,,,,,,,S,,,,,,
1366242,"CITIZENS FOR A SAFE & STRONG SAN JOSE, SUPPORTING LICCARDO FOR MAYOR 2014",000,RCP,41781,41640,41776,41793,,,EXPN,D,EDT21,IND,SAM LICCARDO (I/E),,,,,,,,,41767,15000.00,180345.00,,IND,ONLINE,,,,,,,,,,,,,,,SAM LICCARDO,,,,MAY,CITY OF SAN JOSE,,,,,,,,S,,,,,,
1366242,"CITIZENS FOR A SAFE & STRONG SAN JOSE, SUPPORTING LICCARDO FOR MAYOR 2014",000,RCP,41781,41640,41776,41793,,,EXPN,D,PDT1,IND,SAM LICCARDO (I/E),,,,,,,,,41767,19825.00,180345.00,,IND,MAILER,,,,,,,,,,,,,,,SAM LICCARDO,,,,MAY,CITY OF SAN JOSE,,,,,,,,S,,,,,,
1366242,"CITIZENS FOR A SAFE & STRONG SAN JOSE, SUPPORTING LICCARDO FOR MAYOR 2014",000,RCP,41781,41640,41776,41793,,,EXPN,D,PDT2,IND,SAM LICCARDO (I/E),,,,,,,,,41767,5000.00,180345.00,,IND,RADIO ADS,,,,,,,,,,,,,,,SAM LICCARDO,,,,MAY,CITY OF SAN JOSE,,,,,,,,S,,,,,,
1366242,"CITIZENS FOR A SAFE & STRONG SAN JOSE, SUPPORTING LICCARDO FOR MAYOR 2014",000,RCP,41781,41640,41776,41793,,,EXPN,D,PDT4,IND,SAM LICCARDO (I/E),,,,,,,,,41772,38500.00,180345.00,,IND,MAILER,,,,,,,,,,,,,,,SAM LICCARDO,,,,MAY,CITY OF SAN JOSE,,,,,,,,S,,,,,,
980947,Association of Retired San Jose Police Officers and Firefighters Political Action Committee,000,RCP,41776,41716,41776,41793,,,EXPN,D,PDT96,COM,Cortese for Mayor 2014,,,,,,San Jose,CA,95135,41766,200.00,5855.82,,IND,Design costs for Mailer in support of Dave Cortese for SJ Mayor,,,,,1362187,,,,,,,,,,Dave Cortese,,,,MAY,,OTH,"City of San Jose, CA",,S,,,,S,,,,,,
980947,Association of Retired San Jose Police Officers and Firefighters Political Action Committee,000,RCP,41776,41716,41776,41793,,,EXPN,D,PDT98,COM,Cortese for Mayor 2014,,,,,,San Jose,CA,95135,41766,200.00,5855.82,,IND,Design costs for Mailer in support of Dave Cortese for SJ Mayor,,,,,1362187,,,,,,,,,,Dave Cortese,,,,MAY,,OTH,"City of San Jose, CA",,S,,,,S,,,,,,
980947,Association of Retired San Jose Police Officers and Firefighters Political Action Committee,000,RCP,41776,41716,41776,41793,,,EXPN,D,PDT100,COM,Cortese for Mayor 2014,,,,,,San Jose,CA,95135,41766,1747.58,5855.82,,IND,"Printing, postage and mailing of a mailpiece in support of Dave Cortese for SJ Mayor",,,,,1362187,,,,,,,,,,Dave Cortese,,,,MAY,,OTH,"City of San Jose, CA",,S,,,,S,,,,,,
980947,Association of Retired San Jose Police Officers and Firefighters Political Action Committee,000,RCP,41776,41716,41776,41793,,,EXPN,D,PDT102,COM,Cortese for Mayor 2014,,,,,,San Jose,CA,95135,41766,2454.12,5855.82,,IND,"Printing, postage and mailing of a mailpiece in support of Dave Cortese for SJ Mayor",,,,,1362187,,,,,,,,,,Dave Cortese,,,,MAY,,OTH,"City of San Jose, CA",,S,,,,S,,,,,,
980947,Association of Retired San Jose Police Officers and Firefighters Political Action Committee,000,RCP,41776,41716,41776,41793,,,EXPN,D,PDT104,COM,Cortese for Mayor 2014,,,,,,San Jose,CA,95135,41766,65.59,5855.82,,IND,Data for mailer in support of Dave Cortese for SJ Mayor,,,,,1362187,,,,,,,,,,Dave Cortese,,,,MAY,,OTH,"City of San Jose, CA",,S,,,,S,,,,,,
980947,Association of Retired San Jose Police Officers and Firefighters Political Action Committee,000,RCP,41776,41716,41776,41793,,,EXPN,D,PDT105,COM,Cortese for Mayor 2014,,,,,,San Jose,CA,95135,41766,88.53,5855.82,,IND,Data for mailer in support of Dave Cortese for SJ Mayor,,,,,1362187,,,,,,,,,,Dave Cortese,,,,MAY,,OTH,"City of San Jose, CA",,S,,,,S,,,,,,
980947,Association of Retired San Jose Police Officers and Firefighters Political Action Committee,000,RCP,41776,41716,41776,41793,,,EXPN,D,EXP888,COM,Donald Rocha for San Jose City Council 2014,,,,,,San Jose,CA,95124,41717,500.00,500.00,,MON,,,,,,1362278,,,,,,,,,,Donald Rocha,,,,CCM,,OTH,"City of San Jose, CA",9,,,,,S,,,,,,
980947,Association of Retired San Jose Police Officers and Firefighters Political Action Committee,000,RCP,41776,41716,41776,41793,,,EXPN,D,PDT97,COM,Paul Fong for San Jose City Council 2014,,,,,,Sunnyvale,CA,94085,41766,200.00,2742.64,,IND,Design costs for Mailer in support of Paul Fong for SJ City Council,,,,,1362111,,,,,,,,,,Paul Fong,,,,CCM,,OTH,"City of San Jose, CA",1,,,,,S,,,,,,
980947,Association of Retired San Jose Police Officers and Firefighters Political Action Committee,000,RCP,41776,41716,41776,41793,,,EXPN,D,PDT103,COM,Paul Fong for San Jose City Council 2014,,,,,,Sunnyvale,CA,94085,41766,2454.11,2742.64,,IND,"Printing, postage and mailing of a mailpiece in support of Paul Fong for SJ City Council",,,,,1362111,,,,,,,,,,Paul Fong,,,,CCM,,OTH,"City of San Jose, CA",1,,,,,S,,,,,,
980947,Association of Retired San Jose Police Officers and Firefighters Political Action Committee,000,RCP,41776,41716,41776,41793,,,EXPN,D,PDT106,COM,Paul Fong for San Jose City Council 2014,,,,,,Sunnyvale,CA,94085,41766,88.53,2742.64,,IND,Data for mailer in support of Paul Fong for SJ City Council,,,,,1362111,,,,,,,,,,Paul Fong,,,,CCM,,OTH,"City of San Jose, CA",1,,,,,S,,,,,,
980947,Association of Retired San Jose Police Officers and Firefighters Political Action Committee,000,RCP,41776,41716,41776,41793,,,EXPN,D,PDT99,COM,Raul Peralez for City Council 2014,,,,,,San Jose,CA,95110,41766,200.00,2513.16,,IND,Design costs for Mailer in support of Raul Peralez for SJ City Council,,,,,1362126,,,,,,,,,,Raul Peralez,,,,CCM,,OTH,"City of San Jose, CA",3,,,,,S,,,,,,
980947,Association of Retired San Jose Police Officers and Firefighters Political Action Committee,000,RCP,41776,41716,41776,41793,,,EXPN,D,PDT101,COM,Raul Peralez for City Council 2014,,,,,,San Jose,CA,95110,41766,1747.57,2513.16,,IND,"Printing, postage and mailing of a mailpiece in support of Raul Peralez for SJ City Counci",,,,,1362126,,,,,,,,,,Raul Peralez,,,,CCM,,OTH,"City of San Jose, CA",3,,,,,S,,,,,,
980947,Association of Retired San Jose Police Officers and Firefighters Political Action Committee,000,RCP,41776,41716,41776,41793,,,EXPN,D,PDT107,COM,Raul Peralez for City Council 2014,,,,,,San Jose,CA,95110,41766,65.59,2513.16,,IND,Data for mailer in support of Raul Peralez for SJ City Council,,,,,1362126,,,,,,,,,,Raul Peralez,,,,CCM,,OTH,"City of San Jose, CA",3,,,,,S,,,,,,
743393,"San Jose Firefighters, IAFF Local 230 Political Action Committee",000,RCP,41780,41716,41776,41793,,,EXPN,D,EXP20679,COM,Bob Wieckowski for Senate 2014,,,,,,Fremont,CA,94538,41768,4100.00,4100.00,,MON,,,,,,1354452,,,,,,,,,,Bob Wieckowski,,,,SEN,,SEN,,10,S,,,,S,,,,,,
743393,"San Jose Firefighters, IAFF Local 230 Political Action Committee",000,RCP,41780,41716,41776,41793,,,EXPN,D,PDT125,COM,Cortese for Mayor 2014,,,,,,San Jose,CA,95135,41767,935.32,36066.90,,IND,Design costs for a mailpiece in support of Dave Cortese for SJ Mayor,,,,,1362187,,,,,,,,,,Dave Cortese,,,,MAY,,OTH,"City of San Jose, CA",,,,,,S,,,,,,
743393,"San Jose Firefighters, IAFF Local 230 Political Action Committee",000,RCP,41780,41716,41776,41793,,,EXPN,D,PDT126,COM,Cortese for Mayor 2014,,,,,,San Jose,CA,95135,41767,200.00,36066.90,,IND,Design costs for a mailpiece in support of Dave Cortese for SJ Mayor,,,,,1362187,,,,,,,,,,Dave Cortese,,,,MAY,,OTH,"City of San Jose, CA",,,,,,S,,,,,,
743393,"San Jose Firefighters, IAFF Local 230 Political Action Committee",000,RCP,41780,41716,41776,41793,,,EXPN,D,PDT128,COM,Cortese for Mayor 2014,,,,,,San Jose,CA,95135,41767,1720.70,36066.90,,IND,"Printing, mailhouse & postage cost for mailer in support of Dave Cortese for SJ Mayor",,,,,1362187,,,,,,,,,,Dave Cortese,,,,MAY,,OTH,"City of San Jose, CA",,,,,,S,,,,,,
743393,"San Jose Firefighters, IAFF Local 230 Political Action Committee",000,RCP,41780,41716,41776,41793,,,EXPN,D,PDT130,COM,Cortese for Mayor 2014,,,,,,San Jose,CA,95135,41767,31299.16,36066.90,,IND,"Printing, mailhouse & postage cost for mailer in support of Dave Cortese for SJ Mayor",,,,,1362187,,,,,,,,,,Dave Cortese,,,,MAY,,OTH,"City of San Jose, CA",,,,,,S,,,,,,
743393,"San Jose Firefighters, IAFF Local 230 Political Action Committee",000,RCP,41780,41716,41776,41793,,,EXPN,D,PDT131,COM,Cortese for Mayor 2014,,,,,,San Jose,CA,95135,41767,65.84,36066.90,,IND,Data for mailer in support of Dave Cortese for SJ Mayor,,,,,1362187,,,,,,,,,,Dave Cortese,,,,MAY,,OTH,"City of San Jose, CA",,,,,,S,,,,,,
743393,"San Jose Firefighters, IAFF Local 230 Political Action Committee",000,RCP,41780,41716,41776,41793,,,EXPN,D,PDT136,COM,Cortese for Mayor 2014,,,,,,San Jose,CA,95135,41767,745.88,36066.90,,IND,Data for mailer in support of Dave Cortese for SJ Mayor,,,,,1362187,,,,,,,,,,Dave Cortese,,,,MAY,,OTH,"City of San Jose, CA",,,,,,S,,,,,,
743393,"San Jose Firefighters, IAFF Local 230 Political Action Committee",000,RCP,41780,41716,41776,41793,,,EXPN,D,EXP20677,COM,Donald Rocha for San Jose City Council 2014,,,,,,San Jose,CA,95124,41768,500.00,500.00,,MON,,,,,,1362278,,,,,,,,,,Donald Rocha,,,,CCM,,OTH,"San Jose, CA",9,H,,,,S,,,,,,
743393,"San Jose Firefighters, IAFF Local 230 Political Action Committee",000,RCP,41780,41716,41776,41793,,,EXPN,D,EXP20686,COM,Evan Low for Assembly 2014,,,,,,Sacramento,CA,95814,41768,2500.00,2500.00,,MON,,,,,,1346170,,,,,,,,,,Evan Low,,,,ASM,,ASM,,28,S,,,,S,,,,,,
743393,"San Jose Firefighters, IAFF Local 230 Political Action Committee",000,RCP,41780,41716,41776,41793,,,EXPN,D,EXP20687,COM,Kansen Chu for State Assembly 2014,,,,,,Milpitas,CA,95035,41768,2500.00,2500.00,,MON,,,,,,1356097,,,,,,,,,,Kansen Chu,,,,ASM,,ASM,,25,S,,,,S,,,,,,
743393,"San Jose Firefighters, IAFF Local 230 Political Action Committee",000,RCP,41780,41716,41776,41793,,,EXPN,D,PDT127,COM,Maya Esparza for City Council 2014,,,,,,,,,41767,200.00,1986.54,,IND,"Design costs for a mail piece in support of Maya Esparza for San Jose City Council, Dist 7",,,,,1362201,,,,,,,,,,Maya Esparza,,,,CCM,,OTH,"City of San Jose, CA",7,,,,,S,,,,,,
743393,"San Jose Firefighters, IAFF Local 230 Political Action Committee",000,RCP,41780,41716,41776,41793,,,EXPN,D,PDT129,COM,Maya Esparza for City Council 2014,,,,,,,,,41767,1720.70,1986.54,,IND,"Printing, mailhouse & postage costs for a mailer in support of Esparza for SJ City Council",,,,,1362201,,,,,,,,,,Maya Esparza,,,,CCM,,OTH,"City of San Jose, CA",7,,,,,S,,,,,,
743393,"San Jose Firefighters, IAFF Local 230 Political Action Committee",000,RCP,41780,41716,41776,41793,,,EXPN,D,PDT132,COM,Maya Esparza for City Council 2014,,,,,,,,,41767,65.84,1986.54,,IND,"Data for mailer in support of Maya Esparza for SJ City Council, District 7",,,,,1362201,,,,,,,,,,Maya Esparza,,,,CCM,,OTH,"City of San Jose, CA",7,,,,,S,,,,,,
743393,"San Jose Firefighters, IAFF Local 230 Political Action Committee",000,RCP,41780,41716,41776,41793,,,EXPN,D,EXP20678,COM,Paul Fong for San Jose City Council 2014,,,,,,San Jose,CA,95117,41768,500.00,500.00,,MON,,,,,,1362111,,,,,,,,,,Paul Fong,,,,CCM,,OTH,"San Jose, CA",1,H,,,"San Jose, CA",S,,,,,,
743393,"San Jose Firefighters, IAFF Local 230 Political Action Committee",000,RCP,41780,41716,41776,41793,,,EXPN,D,EXP20019,COM,South Bay AFL-CIO Labor Council COPE,,,,,,San Jose,CA,95125,41734,5000.00,5000.00,,MON,,,,,,744711,,,,,,,,,,South Bay AFL-CIO Labor Council COPE,,,,OTH,Political Action Committee,,,,,,,,S,,,,,,
745208,California Apartment Association Political Action Committee,000,RCP,41781,41716,41776,,,,EXPN,D,EXP123632,COM,Autumn Burke for Assembly 2014,,,,,,SACRAMENTO,CA,95814,41717,4100.00,4100.00,,MON,,,,,,1357822,,,,,,,,,,Autumn Burke,,,,ASM,,ASM,,62,,,,,S,,,,,,
745208,California Apartment Association Political Action Committee,000,RCP,41781,41716,41776,,,,EXPN,D,EXP123633,COM,San Gabriel Valley Healthcare Ballot Measure,,,,,,NOVATO,CA,94949,41717,5000.00,5000.00,,MON,,,,,,1308470,,,,,,,,,,,,,,,,,,,,San Gabriel Valley Healthcare Ballot Measure,,,S,,,,,,
745208,California Apartment Association Political Action Committee,000,RCP,41781,41716,41776,,,,EXPN,D,EXP124524,COM,Patrick Kennedy for County Supervisor 2014,,,,,,SACRAMENTO,CA,95822,41722,1000.00,1000.00,,MON,,,,,,1359421,,,,,,,,,,Patrick Kennedy,,,,CSU,,OTH,Sacramento,,,,,,S,,,,,,
745208,California Apartment Association Political Action Committee,000,RCP,41781,41716,41776,,,,EXPN,D,EXP124525,COM,Californians for Jobs and a Strong Economy,,,,,,Sacramento,CA,95814,41723,25000.00,50000.00,,MON,,,,,,1275549,,,,,,,,,,Californians for Jobs and a Strong Economy,,,,,,,,,,,,,S,,,,,,
745208,California Apartment Association Political Action Committee,000,RCP,41781,41716,41776,,,,EXPN,D,EXP124530,COM,Don Nottoli for Supervisor 2014,,,,,,Elk Grove,CA,95632,41723,500.00,500.00,,MON,,,,,,931104,"Cox, Jr.",Ben,,,,,Elk Grove,CA,95758,Don Nottoli,,,,CSU,,OTH,Sacramento,5,H,,,,S,,,,,,
745208,California Apartment Association Political Action Committee,000,RCP,41781,41716,41776,,,,EXPN,D,INC124529,COM,Don Nottoli for Supervisor 2014,,,,,,Elk Grove,CA,95632,41723,-1000.00,500.00,,MON,Refund of Contribution Made,,,,,931104,"Cox, Jr.",Ben,,,,,Elk Grove,CA,95758,Don Nottoli,,,,CSU,,OTH,Sacramento,5,H,,,,S,,,,,,
745208,California Apartment Association Political Action Committee,000,RCP,41781,41716,41776,,,,EXPN,D,EDT344,COM,Jeffrey Cooper and Jim Clark for City Council,,,,,,,,,41723,2000.00,2000.00,,IND,Donation to IE committee,,,,,,,,,,,,,,,Jeffrey Cooper and Jim Clarke,,,,CCM,,OTH,Culver City,,,,,,S,,,,,,
745208,California Apartment Association Political Action Committee,000,RCP,41781,41716,41776,,,,EXPN,D,EXP124528,COM,Rexroad for Supervisor 2014,,,,,,Woodland,CA,95695,41723,250.00,250.00,,MON,,,,,,1275517,Andreg,Ken,,,,,Woodland,CA,95695,Matt Rexroad,,,,CSU,,OTH,Yolo County,,S,,,,S,,,,,,
745208,California Apartment Association Political Action Committee,000,RCP,41781,41716,41776,,,,EXPN,D,EXP124527,COM,Saylor for Supervisor 2014,,,,,,DAVIS,CA,95616,41723,250.00,250.00,,MON,,,,,,1356326,,,,,,,,,,Don Saylor,,,,CSU,,OTH,Yolo,,,,,,S,,,,,,
745208,California Apartment Association Political Action Committee,000,RCP,41781,41716,41776,,,,EXPN,D,EXP124537,COM,Francisco Zermeno for Mayor,,,,,,HAYWARD,CA,94557,41724,1261.00,1261.00,,MON,,,,,,1359078,,,,,,,,,,Francisco Zermeno,,,,MAY,,OTH,Hayward,,,,,,S,,,,,,
745208,California Apartment Association Political Action Committee,000,RCP,41781,41716,41776,,,,EXPN,D,EXP124533,COM,Gail Eastman for Council 2014,,,,,,FULLERTON,CA,92838,41724,1900.00,1900.00,,MON,,,,,,1347459,,,,,,,,,,Gail Eastman,,,,CCM,,OTH,Anaheim,,,,,,S,,,,,,
745208,California Apartment Association Political Action Committee,000,RCP,41781,41716,41776,,,,EXPN,D,EXP124534,COM,Halliday for Mayor 2014,,,,,,HAYWARD,CA,94545,41724,1261.00,1261.00,,MON,,,,,,1361265,,,,,,,,,,Candidate Halliday,,,,MAY,,OTH,Hayward,,,,,,S,,,,,,
745208,California Apartment Association Political Action Committee,000,RCP,41781,41716,41776,,,,EXPN,D,EXP124536,COM,Mark Salinas for Mayor of Hayward,,,,,,HAYWARD,CA,94541,41724,1261.00,1261.00,,MON,,,,,,1361319,,,,,,,,,,Mark Salinas,,,,MAY,,OTH,Hayward,,,,,,S,,,,,,
745208,California Apartment Association Political Action Committee,000,RCP,41781,41716,41776,,,,EXPN,D,EXP124535,COM,Martinez for City Council 2010,,,,,,Santa Ana,CA,92701,41724,500.00,500.00,,MON,,,,,,1280911,,,,,,,,,,Michelle Martinez,,,,CCM,,OTH,Santa Ana,,,,,,S,,,,,,
745208,California Apartment Association Political Action Committee,000,RCP,41781,41716,41776,,,,EXPN,D,EXP124540,COM,Catalano for City Council 2014,,,,,,FRESNO,CA,93721,41726,4100.00,4100.00,,MON,,,,,,1358592,,,,,,,,,,Cary Catalano,,,,CCM,,OTH,Fresno,1,,,,,S,,,,,,
745208,California Apartment Association Political Action Committee,000,RCP,41781,41716,41776,,,,EXPN,D,EXP124542,COM,"Paul Dictos, CPA 2014 for Fresno County Assessor Recorder",,,,,,FRESNO,CA,93710,41726,1000.00,1000.00,,MON,,,,,,1358036,,,,,,,,,,Paul Dictos,,,,ASR,,OTH,Fresno County,,,,,,S,,,,,,
745208,California Apartment Association Political Action Committee,000,RCP,41781,41716,41776,,,,EXPN,D,EXP124541,COM,Soria for City Council 2014,,,,,,FRESNO,CA,93704,41726,1000.00,1000.00,,MON,,,,,,1361223,,,,,,,,,,Esmeralda Soria,,,,CCM,,OTH,Fresno,1,,,,,S,,,,,,
745208,California Apartment Association Political Action Committee,000,RCP,41781,41716,41776,,,,EXPN,D,EXP127934,COM,Rochelle Swanson for City Council,,,,,,Davis,CA,95616,41729,100.00,100.00,,MON,,,,,,1325240,,,,,,,,,,Rochelle Swanson,,,,CCM,,OTH,Davis,,,,,,S,,,,,,
745208,California Apartment Association Political Action Committee,000,RCP,41781,41716,41776,,,,EXPN,D,EXP124543,COM,BIZ PAC,,,,,,Irvine,CA,92614,41730,250.00,250.00,,MON,,,,,,802010,,,,,,,,,,BIZ PAC,,,,,,,,,,,,,S,,,,,,
745208,California Apartment Association Political Action Committee,000,RCP,41781,41716,41776,,,,EXPN,D,EXP124545,COM,Eggman for Assembly 2014,,,,,,SACRAMENTO,CA,95814,41732,1000.00,2000.00,,MON,,,,,,1353605,,,,,,,,,,Susan Eggman,,,,ASM,,ASM,,13,,,,,S,,,,,,
745208,California Apartment Association Political Action Committee,000,RCP,41781,41716,41776,,,,EXPN,D,EXP124546,COM,Lorena Gonzalez for Assembly 2014,,,,,,SACRAMENTO,CA,95814,41732,1000.00,1000.00,,MON,,,,,,1358017,,,,,,,,,,Lorena Gonzalez,,,,ASM,,ASM,,80,,,,,S,,,,,,
745208,California Apartment Association Political Action Committee,000,RCP,41781,41716,41776,,,,EXPN,D,EXP124544,COM,Nora Campos for Assembly 2014,,,,,,SACRAMENTO,CA,95814,41732,1000.00,1000.00,,MON,,,,,,1353485,,,,,,,,,,Nora Campos,,,,ASM,,ASM,,27,,,,,S,,,,,,
745208,California Apartment Association Political Action Committee,000,RCP,41781,41716,41776,,,,EXPN,D,EXP124547,COM,Perea Reviving Jobs & Economy Ballot Measure Committee,,,,,,SACRAMENTO,CA,95814,41732,10000.00,10000.00,,MON,,,,,,1344099,,,,,,,,,,Perea Reviving Jobs & Economy Ballot Measure Committee,,,,,,,,,,,,,S,,,,,,
745208,California Apartment Association Political Action Committee,000,RCP,41781,41716,41776,,,,EXPN,D,EXP124550,COM,San Jose/Silicon Valley Chamber of Commerce PAC,,,,,,San Jose,CA,95113,41732,1000.00,1000.00,,MON,,,,,,820668,,,,,,,,,,San Jose/Silicon Valley Chamber of Commerce PAC,,,,,,,,,,,,,S,,,,,,
745208,California Apartment Association Political Action Committee,000,RCP,41781,41716,41776,,,,EXPN,D,EXP124549,COM,Sharon Quirk-Silva Democrat for Assembly 2014,,,,,,SACRAMENTO,CA,95814,41732,1000.00,1000.00,,MON,,,,,,1353689,,,,,,,,,,Sharon Quirk-Silva,,,,ASM,,ASM,,65,,,,,S,,,,,,
745208,California Apartment Association Political Action Committee,000,RCP,41781,41716,41776,,,,EXPN,D,EXP124548,COM,Skinner for Senate 2016,,,,,,SACRAMENTO,CA,95814,41732,1000.00,1000.00,,MON,,,,,,1354462,,,,,,,,,,Nancy Skinner,,,,ASM,,ASM,,9,,,,,S,,,,,,
745208,California Apartment Association Political Action Committee,000,RCP,41781,41716,41776,,,,EXPN,D,EXP124553,COM,"Assembly Majority Leader Toni Atkins Ballot Measure Committee, California Works",,,,,,SACRAMENTO,CA,95814,41733,10000.00,10000.00,,MON,,,,,,1357909,,,,,,,,,,"Assembly Majority Leader Toni Atkins Ballot Measure Committee, California Works",,,,,,,,,,,,,S,,,,,,
745208,California Apartment Association Political Action Committee,000,RCP,41781,41716,41776,,,,EXPN,D,EXP124552,COM,Jim Frazier for Assembly 2014,,,,,,Antioch,CA,94531,41733,1000.00,2500.00,,MON,,,,,,1353671,,,,,,,,,,Jim Frazier,,,,ASM,,ASM,,11,,,,,S,,,,,,
745208,California Apartment Association Political Action Committee,000,RCP,41781,41716,41776,,,,EXPN,D,EXP124554,COM,Women Organized to Win California,,,,,,ORANGE,CA,92868,41733,1000.00,1000.00,,MON,,,,,,1367769,,,,,,,,,,Women Organized to Win California,,,,,,,,,,,,,S,,,,,,
745208,California Apartment Association Political Action Committee,000,RCP,41781,41716,41776,,,,EXPN,D,EXP124560,COM,Committee to Re-elect John Valdivia City Council 2015,,,,,,SAN BERNARDINO,CA,92410,41736,500.00,500.00,,MON,,,,,,1338703,,,,,,,,,,John Valdivia,,,,CCM,,OTH,San Bernardino,3,,,,,S,,,,,,
745208,California Apartment Association Political Action Committee,000,RCP,41781,41716,41776,,,,EXPN,D,EXP124557,COM,Dennis Michael for Mayor,,,,,,Rancho Cucamonga,CA,91739,41736,1000.00,1000.00,,MON,,,,,,1323223,,,,,,,,,,Dennis Michael,,,,MAY,,OTH,Rancho Cucamonga,,,,,,S,,,,,,
745208,California Apartment Association Political Action Committee,000,RCP,41781,41716,41776,,,,EXPN,D,EXP124558,COM,Henry Nickel for City Council in Sanbernardion 5th Ward 2014,,,,,,SAN BERNARDINO,CA,92404,41736,1000.00,1000.00,,MON,,,,,,1361957,,,,,,,,,,Henry Nickel,,,,CCM,,OTH,San Bernardino,5,,,,,S,,,,,,
745208,California Apartment Association Political Action Committee,000,RCP,41781,41716,41776,,,,EXPN,D,EXP124556,COM,Lovingood for Bd. of Supervisors - 2012,,,,,,Victorville,CA,92395,41736,500.00,500.00,,MON,,,,,,1345689,,,,,,,,,,Robert Lovingood,,,,CSU,,OTH,San Bernardino,,,,,,S,,,,,,
745208,California Apartment Association Political Action Committee,000,RCP,41781,41716,41776,,,,EXPN,D,EXP124559,COM,Marc Steinorth for City Council 2012,,,,,,RANCHO CUCAMONGA,CA,91730,41736,1000.00,1000.00,,MON,,,,,,1351066,,,,,,,,,,Marc Steinorth,,,,CCM,,OTH,Rancho Cucamonga,,,,,,S,,,,,,
745208,California Apartment Association Political Action Committee,000,RCP,41781,41716,41776,,,,EXPN,D,EXP124555,COM,Marion Ashley for supervisor - 2014,,,,,,RIVERSIDE,CA,92506,41736,500.00,500.00,,MON,,,,,,1236240,,,,,,,,,,Marion Ashley,,,,CSU,,OTH,Riverside,5,,,,,S,,,,,,
745208,California Apartment Association Political Action Committee,000,RCP,41781,41716,41776,,,,EXPN,D,EXP126208,COM,Brian Dahle for Assembly 2014,,,,,,WILLOWS,CA,95988,41739,1000.00,1000.00,,MON,,,,,,1354659,,,,,,,,,,Brian Dahle for Assembly 2014,,,,ASM,,ASM,,1,,,,,S,,,,,,
745208,California Apartment Association Political Action Committee,000,RCP,41781,41716,41776,,,,EXPN,D,EXP126207,PTY,California Democratic Party,,,,,,Sacramento,CA,95811,41739,50000.00,75000.00,,MON,,,,,,741666,,,,,,,,,,California Democratic Party,,,,,,,,,,,,,S,,,,,,
745208,California Apartment Association Political Action Committee,000,RCP,41781,41716,41776,,,,EXPN,D,EXP126205,COM,Padilla for Secretary of State 2014,,,,,,SACRAMENTO,CA,95814,41739,5800.00,5800.00,,MON,,,,,,1340348,,,,,,,,,,Alex Padilla,,,,SOS,,STW,,,,,,,S,,,,,,
745208,California Apartment Association Political Action Committee,000,RCP,41781,41716,41776,,,,EXPN,D,EXP126210,COM,Raul Bocanegra for Assembly 2014,,,,,,SACRAMENTO,CA,95814,41739,4100.00,4100.00,,MON,,,,,,1354450,,,,,,,,,,Raul Bocanegra,,,,ASM,,ASM,,39,,,,,S,,,,,,
745208,California Apartment Association Political Action Committee,000,RCP,41781,41716,41776,,,,EXPN,D,EXP126206,COM,Rich Gordon for Assembly 2014,,,,,,SACRAMENTO,CA,95814,41739,2000.00,2000.00,,MON,,,,,,1353592,,,,,,,,,,Rich Gordon,,,,ASM,,ASM,,24,,,,,S,,,,,,
745208,California Apartment Association Political Action Committee,000,RCP,41781,41716,41776,,,,EXPN,D,EXP126211,COM,Calif. Republican Leadership Fund,,,,,,SACRAMENTO,CA,95814,41740,25000.00,50000.00,,MON,,,,,,1340317,,,,,,,,,,Calif. Republican Leadership Fund,,,,,,,,,,,,,S,,,,,,
745208,California Apartment Association Political Action Committee,000,RCP,41781,41716,41776,,,,EXPN,D,EXP126212,COM,Hagman for Senate 2016,,,,,,Rancho Cucamonga,CA,91739,41740,500.00,500.00,,MON,,,,,,1354748,,,,,,,,,,Curt Hagman,,,,SEN,,SEN,,29,,,,,S,,,,,,
745208,California Apartment Association Political Action Committee,000,RCP,41781,41716,41776,,,,EXPN,D,EXP126213,COM,Dick Monteith for Supervisor 2014,,,,,,Modesto,CA,95354,41743,500.00,500.00,,MON,,,,,,1282664,,,,,,,,,,Dick Monteith,,,,CSU,,OTH,Stanislaus,4,,,,,S,,,,,,
745208,California Apartment Association Political Action Committee,000,RCP,41781,41716,41776,,,,EXPN,D,EXP126214,COM,Friends of H. R. Perea for Supervisor 2014,,,,,,FRESNO,CA,93711,41743,450.00,450.00,,MON,,,,,,1253628,,,,,,,,,,Henry Perea,,,,CSU,,OTH,Fresno,,,,,,S,,,,,,
745208,California Apartment Association Political Action Committee,000,RCP,41781,41716,41776,,,,EXPN,D,EXP126215,COM,O'Donnell for Assembly 2014,,,,,,SACRAMENTO,CA,95814,41745,4100.00,4100.00,,MON,,,,,,1354173,,,,,,,,,,Patrick O'Donnell,,,,ASM,,ASM,,70,,,,,S,,,,,,
745208,California Apartment Association Political Action Committee,000,RCP,41781,41716,41776,,,,EXPN,D,INC126216,COM,Cooper for City Council 2014,,,,,,CULVER CITY,CA,90232,41746,-1000.00,0.00,,MON,Refund of Contribution Made,,,,,1358425,,,,,,,,,,Jeffrey Cooper,,,,CCM,,OTH,Culver City,,,,,,S,,,,,,
745208,California Apartment Association Political Action Committee,000,RCP,41781,41716,41776,,,,EXPN,D,EXP126217,COM,Guillory for Assessor,,,,,,TUSTIN,CA,92780,41746,1900.00,1900.00,,MON,,,,,,980968,,,,,,,,,,Candidate Guillory,,,,ASR,,OTH,Orange County,,,,,,S,,,,,,
745208,California Apartment Association Political Action Committee,000,RCP,41781,41716,41776,,,,EXPN,D,EXP126218,COM,Kris Murray for  City Council 2014,,,,,,Anaheim,CA,92805,41746,1650.00,1650.00,,MON,,,,,,1323105,,,,,,,,,,Kris Murray,,,,CCM,,OTH,Anaheim,,,,,,S,,,,,,
745208,California Apartment Association Political Action Committee,000,RCP,41781,41716,41776,,,,EXPN,D,EXP126219,COM,Mike McGuire for State Senate 2014,,,,,,SACRAMENTO,CA,95814,41747,4100.00,4100.00,,MON,,,,,,1361300,,,,,,,,,,Mike McGuire,,,,SEN,,SEN,,02,,,,,S,,,,,,
745208,California Apartment Association Political Action Committee,000,RCP,41781,41716,41776,,,,EXPN,D,EXP126221,COM,Jerry Hill for Senate 2016,,,,,,SACRAMENTO,CA,95814,41753,1000.00,2100.00,,MON,,,,,,1353750,,,,,,,,,,Jerry Hill,,,,SEN,,SEN,,13,,,,,S,,,,,,
745208,California Apartment Association Political Action Committee,000,RCP,41781,41716,41776,,,,EXPN,D,EXP126220,COM,Rudy Salas for Assembly 2014,,,,,,SACRAMENTO,CA,95814,41753,1000.00,1000.00,,MON,,,,,,1354338,,,,,,,,,,Rudy Salas,,,,ASM,,ASM,,32,,,,,S,,,,,,
745208,California Apartment Association Political Action Committee,000,RCP,41781,41716,41776,,,,EXPN,D,EXP126223,COM,Frank Ury for Supervisor 2014,,,,,,MISSION VIEJO,CA,92692,41754,1900.00,1900.00,,MON,,,,,,1359202,,,,,,,,,,Frank Ury,,,,CSU,,OTH,Orange,5,,,,,S,,,,,,
745208,California Apartment Association Political Action Committee,000,RCP,41781,41716,41776,,,,EXPN,D,EXP124538,COM,Huizar for LA City Council 2015,,,,,,Sherman Oaks,CA,91423,41754,700.00,700.00,,MON,,,,,,1360239,,,,,,,,,,Jose Huizar,,,,CCM,,OTH,Los Angeles,,,,,,S,,,,,,
745208,California Apartment Association Political Action Committee,000,RCP,41781,41716,41776,,,,EXPN,D,EXP126222,COM,Levine for Assembly,,,,,,SAN RAFAEL,CA,94915,41754,1000.00,1000.00,,MON,,,,,,1353695,,,,,,,,,,Marc Levine,,,,ASM,,ASM,,,,,,,S,,,,,,
745208,California Apartment Association Political Action Committee,000,RCP,41781,41716,41776,,,,EXPN,D,EXP126225,COM,Charles Jones for City Council 2014,,,,,,SAN JOSE,CA,95129,41758,500.00,500.00,,MON,,,,,,1361788,,,,,,,,,,Charles Jones,,,,CCM,,OTH,San Jose,1,,,,,S,,,,,,
745208,California Apartment Association Political Action Committee,000,RCP,41781,41716,41776,,,,EXPN,D,EXP126228,COM,Carole Groom for Supervisor 2014,,,,,,BURLINGAME,CA,94010,41760,250.00,250.00,,MON,,,,,,1354703,,,,,,,,,,Carole Groom,,,,CSU,,OTH,San Mateo,2,,,,,S,,,,,,
745208,California Apartment Association Political Action Committee,000,RCP,41781,41716,41776,,,,EXPN,D,EXP126227,COM,Committee to Elece Don Horsley,,,,,,BURLINGAME,CA,94010,41760,250.00,250.00,,MON,,,,,,1346098,,,,,,,,,,Don Horsley,,,,CSU,,OTH,San Mateo,3,,,,,S,,,,,,
745208,California Apartment Association Political Action Committee,000,RCP,41781,41716,41776,,,,EXPN,D,EXP126226,COM,Phil Tsunoda for City Council 2014,,,,,,Aliso Viejo,CA,92656,41760,500.00,500.00,,MON,,,,,,1299885,,,,,,,,,,Phil Tsunoda,,,,CCM,,OTH,Irvine,,,,,,S,,,,,,
745208,California Apartment Association Political Action Committee,000,RCP,41781,41716,41776,,,,EXPN,D,EXP126234,COM,Bill Quirk for Assembly 2014,,,,,,Oakland,CA,94612,41764,1600.00,1600.00,,MON,,,,,,1354754,,,,,,,,,,Bill Quirk,,,,ASM,,ASM,,20,,,,,S,,,,,,
745208,California Apartment Association Political Action Committee,000,RCP,41781,41716,41776,,,,EXPN,D,EXP126233,COM,Curry for Assembly 2014,,,,,,TUSTIN,CA,92780,41764,1500.00,1500.00,,MON,,,,,,1362342,,,,,,,,,,Keith Curry,,,,ASM,,ASM,,74,,,,,S,,,,,,
745208,California Apartment Association Political Action Committee,000,RCP,41781,41716,41776,,,,EXPN,D,EXP126231,COM,Jim Cooper for Assembly 2014,,,,,,SACRAMENTO,CA,95814,41764,4100.00,4100.00,,MON,,,,,,1354346,,,,,,,,,,Jim Cooper,,,,ASM,,ASM,,9,,,,,S,,,,,,
745208,California Apartment Association Political Action Committee,000,RCP,41781,41716,41776,,,,EXPN,D,EXP126232,COM,Lou Correa for Attorney General 2018,,,,,,SACRAMENTO,CA,95814,41764,1000.00,2000.00,,MON,,,,,,1336555,,,,,,,,,,Lou Correa,,,,ATT,,STW,,,,,,,S,,,,,,
745208,California Apartment Association Political Action Committee,000,RCP,41781,41716,41776,,,,EXPN,D,EXP126235,COM,Women in Power PAC,,,,,,SACRAMENTO,CA,95816,41764,2000.00,3000.00,,MON,,,,,,1326620,,,,,,,,,,Women in Power,,,,,,,,,,,,,S,,,,,,
745208,California Apartment Association Political Action Committee,000,RCP,41781,41716,41776,,,,EXPN,D,EXP126237,COM,Citizens for Fairness & Jobs Supporting Chris Cate for Council 2014,,,,,,SAN DIEGO,CA,92119,41765,15000.00,15000.00,,MON,,,,,,1365589,,,,,,,,,,Chris Cate,,,,CCM,,OTH,San Diego,6,,,,,S,,,,,,
745208,California Apartment Association Political Action Committee,000,RCP,41781,41716,41776,,,,EXPN,D,EXP126238,COM,Californians for Jobs and a Strong Economy,,,,,,Sacramento,CA,95814,41767,25000.00,50000.00,,MON,,,,,,1275549,,,,,,,,,,Californians for Jobs and a Strong Economy,,,,,,,,,,,,,S,,,,,,
745208,California Apartment Association Political Action Committee,000,RCP,41781,41716,41776,,,,EXPN,D,EXP126246,COM,Bill Dodd for Assembly 2014,,,,,,SACRAMENTO,CA,95814,41768,4100.00,4100.00,,MON,,,,,,1359047,,,,,,,,,,Bill Dodd,,,,ASM,,ASM,,4,,,,,S,,,,,,
745208,California Apartment Association Political Action Committee,000,RCP,41781,41716,41776,,,,EXPN,D,EXP126243,COM,Fiona Ma for Board of Equalization 2014,,,,,,SAN FRANCISCO,CA,94122,41768,1000.00,2000.00,,MON,,,,,,1343107,,,,,,,,,,Fiona Ma,,,,BOE,,BOE,,1,,,,,S,,,,,,
745208,California Apartment Association Political Action Committee,000,RCP,41781,41716,41776,,,,EXPN,D,EXP126245,COM,Gallagher for Assembly 2014,,,,,,ELK GROVE,CA,95624,41768,1500.00,1500.00,,MON,,,,,,1357068,,,,,,,,,,Mike Gallagher,,,,ASM,,ASM,,3,,,,,S,,,,,,
745208,California Apartment Association Political Action Committee,000,RCP,41781,41716,41776,,,,EXPN,D,EXP126244,COM,Jerry Hill for Senate 2016,,,,,,SACRAMENTO,CA,95814,41768,1100.00,2100.00,,MON,,,,,,1353750,,,,,,,,,,Jerry Hill,,,,SEN,,SEN,,13,,,,,S,,,,,,
745208,California Apartment Association Political Action Committee,000,RCP,41781,41716,41776,,,,EXPN,D,EXP126241,COM,Marc Steinorth for Assembly 2014,,,,,,SACRAMENTO,CA,95814,41768,1500.00,1500.00,,MON,,,,,,1362305,,,,,,,,,,Marc Steinorth,,,,ASM,,ASM,,40,,,,,S,,,,,,
745208,California Apartment Association Political Action Committee,000,RCP,41781,41716,41776,,,,EXPN,D,EXP126247,COM,Matt Dababneh for Assembly 2014,,,,,,SACRAMENTO,CA,95814,41768,4100.00,4100.00,,MON,,,,,,1357053,,,,,,,,,,Matt Dababneh,,,,ASM,,ASM,,,,,,,S,,,,,,
745208,California Apartment Association Political Action Committee,000,RCP,41781,41716,41776,,,,EXPN,D,EXP126242,COM,Perea for Assembly 2014,,,,,,SACRAMENTO,CA,95814,41768,1000.00,1000.00,,MON,,,,,,1353601,,,,,,,,,,Henry Perea,,,,ASM,,ASM,,31,,,,,S,,,,,,
745208,California Apartment Association Political Action Committee,000,RCP,41781,41716,41776,,,,EXPN,D,EXP126248,COM,Tom Berryhill for Senate 2014,,,,,,MODESTO,CA,95355,41768,1500.00,1500.00,,MON,,,,,,1336305,,,,,,,,,,Tom Berryhill,,,,SEN,,SEN,,14,,,,,S,,,,,,
745208,California Apartment Association Political Action Committee,000,RCP,41781,41716,41776,,,,EXPN,D,EXP127936,COM,Alejo for Assembly 2014,,,,,,SACRAMENTO,CA,95814,41771,1100.00,2100.00,,MON,,,,,,1353603,,,,,,,,,,Luis Alejo,,,,ASM,,ASM,,30,,,,,S,,,,,,
745208,California Apartment Association Political Action Committee,000,RCP,41781,41716,41776,,,,EXPN,D,EXP127935,PTY,California Democratic Party,,,,,,Sacramento,CA,95811,41771,25000.00,75000.00,,MON,,,,,,741666,,,,,,,,,,California Democratic Party,,,,,,,,,,,,,S,,,,,,
745208,California Apartment Association Political Action Committee,000,RCP,41781,41716,41776,,,,EXPN,D,EDT352,COM,Dave Cortese for Mayor,,,,,,,,,41771,27374.95,27374.95,,IND,Mass mail,,,,,,,,,,,,,,,Dave Cortese,,,,MAY,,OTH,San Jose,,,,,,O,,,,,,
745208,California Apartment Association Political Action Committee,000,RCP,41781,41716,41776,,,,EXPN,D,EXP128873,COM,Vidak for Senate 2014,,,,,,SACRAMENTO,CA,95814,41772,1100.00,4100.00,,MON,,,,,,1359757,,,,,,,,,,Andy Vidak,,,,SEN,,SEN,,16,,,,,S,,,,,,
745208,California Apartment Association Political Action Committee,000,RCP,41781,41716,41776,,,,EXPN,D,EXP128874,COM,Vidak for Senate 2014,,,,,,SACRAMENTO,CA,95814,41772,1000.00,4100.00,,MON,,,,,,1359757,,,,,,,,,,Andy Vidak,,,,SEN,,SEN,,16,,,,,S,,,,,,
745208,California Apartment Association Political Action Committee,000,RCP,41781,41716,41776,,,,EXPN,D,EXP128875,COM,Rocky Fernandez for City Council 2014,,,,,,HAYWARD,CA,94544,41774,1261.00,1261.00,,MON,,,,,,1365467,,,,,,,,,,Rocky Fernandez,,,,CCM,,OTH,Hayward,,,,,,S,,,,,,
820668,San Jose Silicon Valley Chamber of Commerce Political Action Committee (ChamberPAC),001,RCP,41766,41640,41715,,,,EXPN,D,EXP7391,COM,Armando Gomez for Assembly 2014,,,,,,Milpitas,CA,95035,41666,1000.00,1000.00,,MON,,,,,,1356331,,,,,,,,,,Armando Gomez,,,,ASM,,ASM,,25,,,,,S,,,,,,
820668,San Jose Silicon Valley Chamber of Commerce Political Action Committee (ChamberPAC),001,RCP,41766,41640,41715,,,,EXPN,D,EXP7450,COM,Charles Jones for City Council 2014,,,,,,San Jose,CA,95129,41689,500.00,500.00,,MON,,,,,,1361788,,,,,,,,,,Charles Jones,,,,CCM,,OTH,City of San Jose,01,,,,,S,,,,,,
820668,San Jose Silicon Valley Chamber of Commerce Political Action Committee (ChamberPAC),001,RCP,41766,41640,41715,,,,EXPN,D,EXP7390,COM,Jeff Rosen for DA 2014,,,,,,San Jose,CA,95120,41666,500.00,500.00,,MON,,,,,,135857,,,,,,,,,,Jeff Rosen,,,,DAT,,OTH,County of Santa Clara,,,,,,S,,,,,,
820668,San Jose Silicon Valley Chamber of Commerce Political Action Committee (ChamberPAC),001,RCP,41766,41640,41715,,,,EXPN,D,EXP7481,COM,Magdalena Carrasco for City Council 2014,,,,,,San Jose,CA,95127,41709,500.00,500.00,,MON,,,,,,1362219,,,,,,,,,,Magdalena Carrasco,,,,CCM,,OTH,City of San Jose,05,,,,,S,,,,,,
1321515,Santa Clara County Correctional Peace Officers' Association PIC,000,RCP,41722,41640,41715,41793,,,EXPN,D,EXP63705,COM,Peace Officers Research Association of California Political Issues Committee (PORAC PIC),,,,,,Sacramento,CA,95814,41655,20000.00,20000.00,,MON,,,,,,911908,,,,,,,,,,Peace Officers Research Association of California Political Issues Committee (PORAC PIC),,,,,,,,,,,,,S,,,,,,
743393,"San Jose Firefighters, IAFF Local 230 Political Action Committee",000,RCP,41721,41640,41715,41793,,,EXPN,D,EXP17399,COM,Cortese for Mayor 2014,,,,,,San Jose,CA,95135,41660,1100.00,1100.00,,MON,,,,,,1362187,,,,,,,,,,Dave Cortese,,,,MAY,,OTH,"City of San Jose, CA",,,,,,S,,,,,,
980947,Association of Retired San Jose Police Officers and Firefighters Political Action Committee,000,RCP,41718,41640,41715,41793,,,EXPN,D,EXP837,COM,Cortese for Mayor 2014,,,,,,San Jose,CA,95135,41683,1100.00,1100.00,,MON,,,,,,1362187,,,,,,,,,,Dave Cortese,,,,MAY,,OTH,"City of San Jose, CA",,S,,,,S,,,,,,
980947,Association of Retired San Jose Police Officers and Firefighters Political Action Committee,000,RCP,41718,41640,41715,41793,,,EXPN,D,EXP850,COM,Raul Peralez for City Council 2014,,,,,,San Jose,CA,95110,41711,500.00,500.00,,MON,,,,,,1362126,,,,,,,,,,Raul Peralez,,,,CCM,,OTH,"City of San Jose, CA",3,,,,,S,,,,,,
980947,Association of Retired San Jose Police Officers and Firefighters Political Action Committee,000,RCP,41718,41640,41715,41793,,,EXPN,D,EXP852,COM,Santa Clara & San Benito Counties Building & Construction Trades Council Political Action Committee,,,,,,San Jose,CA,95125,41711,1500.00,1500.00,,MON,,,,,,743618,,,,,,,,,,Santa Clara & San Benito Counties Building & Construction Trades Council Political Action Committee,,,,OTH,Political Action Committee,,,,,,,,S,,,,,,
820668,San Jose Silicon Valley Chamber of Commerce Political Action Committee (ChamberPAC),000,RCP,41718,41640,41715,,,,EXPN,D,EXP7391,COM,Armando Gomez for Assembly 2014,,,,,,Milpitas,CA,95035,41666,1000.00,1000.00,,MON,,,,,,1356331,,,,,,,,,,Armando Gomez,,,,ASM,,ASM,,25,,,,,S,,,,,,
820668,San Jose Silicon Valley Chamber of Commerce Political Action Committee (ChamberPAC),000,RCP,41718,41640,41715,,,,EXPN,D,EXP7450,COM,Charles Jones for City Council 2014,,,,,,San Jose,CA,95129,41689,500.00,500.00,,MON,,,,,,1361788,,,,,,,,,,Charles Jones,,,,CCM,,OTH,City of San Jose,01,,,,,S,,,,,,
820668,San Jose Silicon Valley Chamber of Commerce Political Action Committee (ChamberPAC),000,RCP,41718,41640,41715,,,,EXPN,D,EXP7390,COM,Jeff Rosen for DA 2014,,,,,,San Jose,CA,95120,41666,500.00,500.00,,MON,,,,,,135857,,,,,,,,,,Jeff Rosen,,,,DAT,,OTH,County of Santa Clara,,,,,,S,,,,,,
820668,San Jose Silicon Valley Chamber of Commerce Political Action Committee (ChamberPAC),000,RCP,41718,41640,41715,,,,EXPN,D,EXP7481,COM,Magdalena Carrasco for City Council 2014,,,,,,San Jose,CA,95127,41709,500.00,500.00,,MON,,,,,,1362219,,,,,,,,,,Magdalena Carrasco,,,,CCM,,OTH,City of San Jose,05,,,,,S,,,,,,
1351443,San Jose Reform Committee -- Supporting Rose Herrera for City Council 2012,000,RCP,41715,41640,41820,,,,EXPN,D,az8w2eHk7GVJ,COM,SAN JOSE SILICON VALLEY CHAMBER OF COMMERCE PAC,,,,,,ENCINITAS,CA,92024,41708,36358.22,36358.22,,MON,,,,,,,,,,,,,,,,,,,,,,,,,,,,,S,,,,,,