Filer_ID,Filer_NamL,Report_Num,Committee_Type,Rpt_Date,From_Date,Thru_Date,Elect_Date,tblCover_Office_Cd,tblCover_Offic_Dscr,Rec_Type,Form_Type,Tran_ID,Entity_Cd,Payee_NamL,Payee_NamF,Payee_NamT,Payee_NamS,Payee_Adr1,Payee_Adr2,Payee_City,Payee_State,Payee_Zip4,Beg_Bal,Amt_Incur,Amt_Paid,End_Bal,Expn_Code,Expn_Dscr,Cmte_ID,Tres_NamL,Tres_NamF,Tres_NamT,Tres_NamS,Tres_Adr1,Tres_Adr2,Tres_City,Tres_ST,Tres_ZIP4,Memo_Code,Memo_RefNo,BakRef_TID,XRef_SchNm,XRef_Match
ID1362189,Mejia for City Council 2014,000,CTL,41850,41777,41820,41793,,,DEBT,F,8uU575BFi7Uq,OTH,Joelle Creative Design Studio,,,,,,San Jose,CA,95121,500.00,0.00,500.00,0.00,,Campaign Logo & Design,,,,,,,,,,,,,,,
FPPC#1361,Charles Jones for City Council 2014,000,CTL,41850,41777,41820,41947,,,DEBT,F,eEhsArPTLkFQ,OTH,Diamond Quality Printing,,,,,,San Jose,CA,95110,1083.15,0.00,1083.15,0.00,LIT,,,,,,,,,,,,,,,,
FPPC#1361,Charles Jones for City Council 2014,000,CTL,41850,41777,41820,41947,,,DEBT,F,jiGFOHCGLp4g,OTH,Computerized Political Services,,,,,,San Jose,CA,95121,200.00,0.00,200.00,0.00,LIT,,,,,,,,,,,,,,,,
FPPC#1361,Charles Jones for City Council 2014,000,CTL,41850,41777,41820,41947,,,DEBT,F,hnSyuTmIHEjG,OTH,Diamond Quality Printing,,,,,,San Jose,CA,95110,1372.43,0.00,1372.43,0.00,LIT,,,,,,,,,,,,,,,,
FPPC#1361,Charles Jones for City Council 2014,000,CTL,41850,41777,41820,41947,,,DEBT,F,g8JO8QGq8GxD,OTH,DKH Studios,,,,,,San Jose,CA,95112,700.00,0.00,700.00,0.00,PRO,,,,,,,,,,,,,,,,
FPPC#1361,Charles Jones for City Council 2014,000,CTL,41850,41777,41820,41947,,,DEBT,F,6K8irtdZlkTN,OTH,Autumn Press,,,,,,Berkeley,CA,94710,4063.47,0.00,4063.47,0.00,LIT,,,,,,,,,,,,,,,,
FPPC#1361,Charles Jones for City Council 2014,000,CTL,41850,41777,41820,41947,,,DEBT,F,DseiegTfVvx6,OTH,Cal Printing,,,,,,San Jose,CA,95128,30.34,0.00,30.34,0.00,LIT,,,,,,,,,,,,,,,,
FPPC#1361,Charles Jones for City Council 2014,000,CTL,41850,41777,41820,41947,,,DEBT,F,Mh6Ly1kYec1q,OTH,Advertisers Mailing Service,,,,,,Santa Clara,CA,95050,374.45,0.00,374.45,0.00,LIT,,,,,,,,,,,,,,,,
FPPC#1361,Charles Jones for City Council 2014,000,CTL,41850,41777,41820,41947,,,DEBT,F,b79aqwQpbprM,OTH,Cal Printing,,,,,,San Jose,CA,95128,296.78,0.00,296.78,0.00,LIT,,,,,,,,,,,,,,,,
743393,"San Jose Firefighters, IAFF Local 230 Political Action Committee",000,RCP,41851,41777,41820,,,,DEBT,F,PAY651,OTH,"Saggau DeRollo, LLC",,,,,,San Jose,CA,95113,367.50,0.00,0.00,367.50,IND,"Placement of a newspaper ad in opposition to Rose Herrera for SJ Council, District 8",,,,,,,,,,,,,,,
743393,"San Jose Firefighters, IAFF Local 230 Political Action Committee",000,RCP,41851,41777,41820,,,,DEBT,F,PAY652,OTH,"Saggau DeRollo, LLC",,,,,,San Jose,CA,95113,367.50,0.00,0.00,367.50,IND,"Placement of a newspaper ad in support of Patricia Martinez Roach for SJ Council, District 8",,,,,,,,,,,,,,,
743393,"San Jose Firefighters, IAFF Local 230 Political Action Committee",000,RCP,41851,41777,41820,,,,DEBT,F,PAY653,OTH,"Saggau DeRollo, LLC",,,,,,San Jose,CA,95113,735.00,0.00,0.00,735.00,IND,Placement of a newspaper ad in opposition to Rose Herrera for SJ Council District 8,,,,,,,,,,,,,,,
743393,"San Jose Firefighters, IAFF Local 230 Political Action Committee",000,RCP,41851,41777,41820,,,,DEBT,F,PAY17404,OTH,"Henry C. Levy & Company, CPAs",,,,,,Oakland,CA,94618,1804.55,0.00,1804.55,0.00,PRO,,,,,,,,,,,,,,,,
743393,"San Jose Firefighters, IAFF Local 230 Political Action Committee",000,RCP,41851,41777,41820,,,,DEBT,F,PAY20018,OTH,"Henry C. Levy & Company, CPAs",,,,,,Oakland,CA,94618,1967.40,0.00,1967.40,0.00,PRO,,,,,,,,,,,,,,,,
743393,"San Jose Firefighters, IAFF Local 230 Political Action Committee",000,RCP,41851,41777,41820,,,,DEBT,F,PAY20666,OTH,"Rutan & Tucker, LLP",,,,,,Palo Alto,CA,94306,912.50,-912.50,0.00,0.00,PRO,,,,,,,,,,,,,,,,
743393,"San Jose Firefighters, IAFF Local 230 Political Action Committee",000,RCP,41851,41777,41820,,,,DEBT,F,PAY20695,OTH,"Henry C. Levy & Company, CPAs",,,,,,Oakland,CA,94618,2055.45,0.00,2055.45,0.00,PRO,,,,,,,,,,,,,,,,
743393,"San Jose Firefighters, IAFF Local 230 Political Action Committee",000,RCP,41851,41777,41820,,,,DEBT,F,PAY20694,OTH,"Rutan & Tucker, LLP",,,,,,Palo Alto,CA,94306,4278.00,-4278.00,0.00,0.00,PRO,,,,,,,,,,,,,,,,
743393,"San Jose Firefighters, IAFF Local 230 Political Action Committee",000,RCP,41851,41777,41820,,,,DEBT,F,PAY20674,COM,South Bay AFL-CIO Labor Council COPE,,,,,,San Jose,CA,95125,65.84,0.00,0.00,65.84,IND,Data for mailer in support of Dave Cortese for SJ Mayor,744711,,,,,,,,,,,,,,
743393,"San Jose Firefighters, IAFF Local 230 Political Action Committee",000,RCP,41851,41777,41820,,,,DEBT,F,PAY20675,COM,South Bay AFL-CIO Labor Council COPE,,,,,,San Jose,CA,95125,65.84,0.00,0.00,65.84,IND,"Data for mailer in support of Maya Esparza for SJ City Council, District 7",744711,,,,,,,,,,,,,,
743393,"San Jose Firefighters, IAFF Local 230 Political Action Committee",000,RCP,41851,41777,41820,,,,DEBT,F,PAY20676,COM,South Bay AFL-CIO Labor Council COPE,,,,,,San Jose,CA,95125,745.88,0.00,0.00,745.88,IND,Data for mailer in support of Dave Cortese for SJ Mayor,744711,,,,,,,,,,,,,,
743393,"San Jose Firefighters, IAFF Local 230 Political Action Committee",000,RCP,41851,41777,41820,,,,DEBT,F,PAY31027,OTH,"Rutan & Tucker, LLP",,,,,,Palo Alto,CA,94306,0.00,2080.00,0.00,2080.00,PRO,,,,,,,,,,,,,,,,
743393,"San Jose Firefighters, IAFF Local 230 Political Action Committee",000,RCP,41851,41777,41820,,,,DEBT,F,PAY31023,OTH,"Rutan & Tucker, LLP",,,,,,Palo Alto,CA,94306,0.00,600.00,0.00,600.00,PRO,,,,,,,,,,,,,,,,
980947,Association of Retired San Jose Police Officers and Firefighters Political Action Committee,000,RCP,41840,41777,41820,,,,DEBT,F,PAY739,OTH,"Rutan & Tucker, LLP",,,,,,Palo Alto,CA,94306,157.44,-157.44,0.00,0.00,PRO,,,,,,,,,,,,,,,,
980947,Association of Retired San Jose Police Officers and Firefighters Political Action Committee,000,RCP,41840,41777,41820,,,,DEBT,F,PAY889,OTH,"Rutan & Tucker, LLP",,,,,,Palo Alto,CA,94306,1474.00,0.00,0.00,1474.00,PRO,,,,,,,,,,,,,,,,
980947,Association of Retired San Jose Police Officers and Firefighters Political Action Committee,000,RCP,41840,41777,41820,,,,DEBT,F,PAY940,OTH,"Rutan & Tucker, LLP",,,,,,Palo Alto,CA,94306,0.00,33.50,0.00,33.50,PRO,,,,,,,,,,,,,,,,
820668,San Jose Silicon Valley Chamber of Commerce Political Action Committee (ChamberPAC),000,RCP,41850,41777,41820,,,,DEBT,F,PAY7690,OTH,San Jose Silicon Valley Chamber of Commerce,,,,,,San Jose,CA,95113,1080.00,0.00,1080.00,0.00,FND,See Sch. G,,,,,,,,,,,,,,,
820668,San Jose Silicon Valley Chamber of Commerce Political Action Committee (ChamberPAC),000,RCP,41850,41777,41820,,,,DEBT,F,PAY7678,OTH,"Scott & Cronin, LLP",,,,,,Encinitas,CA,92024,500.00,0.00,0.00,500.00,PRO,,,,,,,,,,,,,,,,
820668,San Jose Silicon Valley Chamber of Commerce Political Action Committee (ChamberPAC),000,RCP,41850,41777,41820,,,,DEBT,F,PAY7682,OTH,"Meridian Pacific, Inc.",,,,,,Sacramento,CA,95825,3000.00,-3000.00,0.00,0.00,CNS,Billed in Error: Consulting fee paid prior to 5/17 filing deadline.,,,,,,,,,,,,,,,
820668,San Jose Silicon Valley Chamber of Commerce Political Action Committee (ChamberPAC),000,RCP,41850,41777,41820,,,,DEBT,F,PAY7731,OTH,Cosmopolitan Catering LLC,,,,,,Sunnyvale,CA,94089,9973.77,0.00,0.00,9973.77,FND,,,,,,,,,,,,,,,,
820668,San Jose Silicon Valley Chamber of Commerce Political Action Committee (ChamberPAC),000,RCP,41850,41777,41820,,,,DEBT,F,PAY7729,OTH,"Scott & Cronin, LLP",,,,,,Encinitas,CA,92024,0.00,810.00,0.00,810.00,PRO,,,,,,,,,,,,,,,,
820668,San Jose Silicon Valley Chamber of Commerce Political Action Committee (ChamberPAC),000,RCP,41850,41777,41820,,,,DEBT,F,PAY7734,OTH,"Scott & Cronin, LLP",,,,,,Encinitas,CA,92024,0.00,2221.22,0.00,2221.22,PRO,,,,,,,,,,,,,,,,
820668,San Jose Silicon Valley Chamber of Commerce Political Action Committee (ChamberPAC),000,RCP,41850,41777,41820,,,,DEBT,F,PAY7766,OTH,"Meridian Pacific, Inc.",,,,,,Sacramento,CA,95825,0.00,3000.00,0.00,3000.00,CNS,,,,,,,,,,,,,,,,
1362111,Paul Fong for San Jose City Council 2014,001,CTL,41849,41716,41776,41793,,,DEBT,F,PAY262,OTH,Warren & Associates LLC,,,,,,Novato,CA,94949,989.79,0.00,989.79,0.00,,PRO/OFC,,,,,,,,,,,,,,,
1362111,Paul Fong for San Jose City Council 2014,001,CTL,41849,41716,41776,41793,,,DEBT,F,PAY263,OTH,Warren & Associates LLC,,,,,,Novato,CA,94949,375.25,0.00,375.25,0.00,PRO,,,,,,,,,,,,,,,,
1362111,Paul Fong for San Jose City Council 2014,001,CTL,41849,41716,41776,41793,,,DEBT,F,PAY275,OTH,"Terris, Barnes & Walters",,,,,,San Francisco,CA,94104,10033.00,0.00,10033.00,0.00,,CNS/LIT/CMP,,,,,,,,,,,,,,,
1362111,Paul Fong for San Jose City Council 2014,001,CTL,41849,41716,41776,41793,,,DEBT,F,PAY450,OTH,Warren & Associates LLC,,,,,,Novato,CA,94949,0.00,1205.30,0.00,1205.30,,PRO/OFC,,,,,,,,,,,,,,,
1362111,Paul Fong for San Jose City Council 2014,001,CTL,41849,41716,41776,41793,,,DEBT,F,PAY393,OTH,"Terris, Barnes & Walters",,,,,,San Francisco,CA,94104,0.00,27533.00,0.00,27533.00,,CNS/LIT,,,,,,,,,,,,,,,
1362111,Paul Fong for San Jose City Council 2014,001,CTL,41849,41716,41776,41793,,,DEBT,F,PAY477,OTH,Precision Communications Enterprises,,,,,,Silver Spring,MD,20910,0.00,2968.23,0.00,2968.23,POL,,,,,,,,,,,,,,,,
1362111,Paul Fong for San Jose City Council 2014,001,CTL,41849,41716,41776,41793,,,DEBT,F,PAY391,OTH,"Terris, Barnes & Walters",,,,,,San Francisco,CA,94104,0.00,2399.19,0.00,2399.19,CNS,,,,,,,,,,,,,,,,
1362111,Paul Fong for San Jose City Council 2014,001,CTL,41849,41716,41776,41793,,,DEBT,F,PAY392,OTH,Warren & Associates LLC,,,,,,Novato,CA,94949,0.00,855.00,0.00,855.00,PRO,,,,,,,,,,,,,,,,
1362111,Paul Fong for San Jose City Council 2014,001,CTL,41849,41716,41776,41793,,,DEBT,F,PAY259,IND,Zeng,Jing,,,,,San Ramon,CA,94583,1.00,0.00,1.00,0.00,RFD,,,,,,,,,,,,,,,,
1362111,Paul Fong for San Jose City Council 2014,002,CTL,41849,41640,41715,41793,,,DEBT,F,PAY119,OTH,Pacific Printing,,,,,,San Jose,CA,95112,337.13,0.00,337.13,0.00,LIT,,,,,,,,,,,,,,,,
1362111,Paul Fong for San Jose City Council 2014,002,CTL,41849,41640,41715,41793,,,DEBT,F,PAY122,OTH,Warren & Associates LLC,,,,,,Novato,CA,94949,1477.50,0.00,1477.50,0.00,,PRO/OFC,,,,,,,,,,,,,,,
1362111,Paul Fong for San Jose City Council 2014,002,CTL,41849,41640,41715,41793,,,DEBT,F,PAY262,OTH,Warren & Associates LLC,,,,,,Novato,CA,94949,0.00,989.79,0.00,989.79,,PRO/OFC,,,,,,,,,,,,,,,
1362111,Paul Fong for San Jose City Council 2014,002,CTL,41849,41640,41715,41793,,,DEBT,F,PAY263,OTH,Warren & Associates LLC,,,,,,Novato,CA,94949,0.00,375.25,0.00,375.25,PRO,,,,,,,,,,,,,,,,
1362111,Paul Fong for San Jose City Council 2014,002,CTL,41849,41640,41715,41793,,,DEBT,F,PAY275,OTH,"Terris, Barnes & Walters",,,,,,San Francisco,CA,94104,0.00,10033.00,0.00,10033.00,,CNS/LIT/CMP,,,,,,,,,,,,,,,
1362111,Paul Fong for San Jose City Council 2014,002,CTL,41849,41640,41715,41793,,,DEBT,F,PAY259,IND,Zeng,Jing,,,,,San Ramon,CA,94583,0.00,1.00,0.00,1.00,RFD,,,,,,,,,,,,,,,,
1321515,Santa Clara County Correctional Peace Officers' Association PIC,000,RCP,41848,41716,41820,,,,DEBT,F,PAY63722,OTH,Santa Clara County Correctional Peace Officers' Association,,,,,,San Jose,CA,95131,15344.28,0.00,15344.28,0.00,,Staff Time for Public Relations,,,,,,,,,,,,,,,
1321515,Santa Clara County Correctional Peace Officers' Association PIC,002,RCP,41848,41640,41715,41793,,,DEBT,F,PAY63722,OTH,Santa Clara County Correctional Peace Officers' Association,,,,,,San Jose,CA,95131,0.00,15344.28,0.00,15344.28,,Staff Time for Public Relations,,,,,,,,,,,,,,,
1366242,"CITIZENS FOR A SAFE & STRONG SAN JOSE, SUPPORTING LICCARDO FOR MAYOR 2014",000,RCP,41843,41777,41820,,,,DEBT,F,PAY51,OTH,ERWIN AND MUIR PUBLIC AFFAIRS AND POLITICAL CONSULTING,,,,,,Oakland,CA,94612,12150.00,0.00,12150.00,0.00,IND,"MAILER SUPPORTING SAM LICCARDO, MAYOR, CITY OF SAN JOSE; NOT YET ALLOCATED",,,,,,,,,,,,,,,
820668,San Jose Silicon Valley Chamber of Commerce Political Action Committee (ChamberPAC),002,RCP,41829,41716,41776,,,,DEBT,F,PAY7515,OTH,"Scott & Cronin, LLP",,,,,,Encinitas,CA,92024,500.00,0.00,500.00,0.00,PRO,,,,,,,,,,,,,,,,
820668,San Jose Silicon Valley Chamber of Commerce Political Action Committee (ChamberPAC),002,RCP,41829,41716,41776,,,,DEBT,F,PAY7619,OTH,"Meridian Pacific, Inc.",,,,,,Sacramento,CA,95825,1500.00,0.00,1500.00,0.00,CNS,,,,,,,,,,,,,,,,
820668,San Jose Silicon Valley Chamber of Commerce Political Action Committee (ChamberPAC),002,RCP,41829,41716,41776,,,,DEBT,F,PAY7690,OTH,San Jose Silicon Valley Chamber of Commerce,,,,,,San Jose,CA,95113,0.00,1080.00,0.00,1080.00,FND,See Sch. G,,,,,,,,,,,,,,,
820668,San Jose Silicon Valley Chamber of Commerce Political Action Committee (ChamberPAC),002,RCP,41829,41716,41776,,,,DEBT,F,PAY7678,OTH,"Scott & Cronin, LLP",,,,,,Encinitas,CA,92024,0.00,500.00,0.00,500.00,PRO,,,,,,,,,,,,,,,,
820668,San Jose Silicon Valley Chamber of Commerce Political Action Committee (ChamberPAC),002,RCP,41829,41716,41776,,,,DEBT,F,PAY7682,OTH,"Meridian Pacific, Inc.",,,,,,Sacramento,CA,95825,0.00,3000.00,0.00,3000.00,CNS,,,,,,,,,,,,,,,,
820668,San Jose Silicon Valley Chamber of Commerce Political Action Committee (ChamberPAC),002,RCP,41829,41716,41776,,,,DEBT,F,PAY7731,OTH,Cosmopolitan Catering LLC,,,,,,Sunnyvale,CA,94089,0.00,9973.77,0.00,9973.77,FND,,,,,,,,,,,,,,,,
1362278,Donald Rocha for San Jose City Council 2014,002,CTL,41817,41716,41776,41793,,,DEBT,F,Lv77cDwDU5ps,OTH,Bank of America (VISA),,,,,,Charlotte,NC,28202,0.00,141.38,0.00,141.38,,,,,,,,,,,,,,,,,
1362278,Donald Rocha for San Jose City Council 2014,002,CTL,41817,41716,41776,41793,,,DEBT,F,WGwPMWFaW1d5,OTH,Bank of America (VISA),,,,,,Charlotte,NC,28202,0.00,163.83,0.00,163.83,,,,,,,,,,,,,,,,,
1362278,Donald Rocha for San Jose City Council 2014,002,CTL,41817,41716,41776,41793,,,DEBT,F,kWvTyD6ZUQam,OTH,Bank of America (VISA),,,,,,Charlotte,NC,28202,0.00,98.00,0.00,98.00,,,,,,,,,,,,,,,,,
1362278,Donald Rocha for San Jose City Council 2014,002,CTL,41817,41716,41776,41793,,,DEBT,F,C9f41Ky5NZOL,OTH,Bank of America (VISA),,,,,,Charlotte,NC,28202,0.00,45.89,0.00,45.89,,,,,,,,,,,,,,,,,
1362278,Donald Rocha for San Jose City Council 2014,002,CTL,41817,41716,41776,41793,,,DEBT,F,NWF1Gdu3FfeC,OTH,Bank of America (VISA),,,,,,Charlotte,NC,28202,0.00,24.00,0.00,24.00,,,,,,,,,,,,,,,,,
1362278,Donald Rocha for San Jose City Council 2014,002,CTL,41817,41716,41776,41793,,,DEBT,F,XUcW2bvjy3Ff,OTH,The Pivot Group,,,,,,Washington,DC,20006,0.00,14938.96,0.00,14938.96,CNS,,,,,,,,,,,,,,,,
1362278,Donald Rocha for San Jose City Council 2014,002,CTL,41817,41716,41776,41793,,,DEBT,F,wXAAEq4NiJ4m,OTH,Bank of America (VISA),,,,,,Charlotte,NC,28202,0.00,85.00,0.00,85.00,,,,,,,,,,,,,,,,,
1362278,Donald Rocha for San Jose City Council 2014,002,CTL,41817,41716,41776,41793,,,DEBT,F,RMk3AsuyUpwR,OTH,Bank of America (VISA),,,,,,Charlotte,NC,28202,0.00,65.25,0.00,65.25,,,,,,,,,,,,,,,,,
1362278,Donald Rocha for San Jose City Council 2014,002,CTL,41817,41716,41776,41793,,,DEBT,F,iRxqkcI6KcmV,OTH,City of San Jose,,,,,,San Jose,CA,95113,2680.00,0.00,2680.00,0.00,FIL,Candidate Statement Fee,,,,,,,,,,,,,,,
1362278,Donald Rocha for San Jose City Council 2014,002,CTL,41817,41716,41776,41793,,,DEBT,F,AYBtrPaQvP3S,OTH,City of San Jose,,,,,,San Jose,CA,95113,25.00,0.00,25.00,0.00,FIL,Filing fee,,,,,,,,,,,,,,,
1362278,Donald Rocha for San Jose City Council 2014,002,CTL,41817,41716,41776,41793,,,DEBT,F,8MAfQqa9xbPp,OTH,Bank of America (VISA),,,,,,Charlotte,NC,28202,54.60,0.00,54.60,0.00,,,,,,,,,,,,,,,,,
1362278,Donald Rocha for San Jose City Council 2014,000,CTL,41817,41777,41817,41793,,,DEBT,F,C9f41Ky5NZOL,OTH,Bank of America (VISA),,,,,,Charlotte,NC,28202,45.89,0.00,45.89,0.00,,,,,,,,,,,,,,,,,
1362278,Donald Rocha for San Jose City Council 2014,000,CTL,41817,41777,41817,41793,,,DEBT,F,kWvTyD6ZUQam,OTH,Bank of America (VISA),,,,,,Charlotte,NC,28202,98.00,0.00,98.00,0.00,,,,,,,,,,,,,,,,,
1362278,Donald Rocha for San Jose City Council 2014,000,CTL,41817,41777,41817,41793,,,DEBT,F,Lv77cDwDU5ps,OTH,Bank of America (VISA),,,,,,Charlotte,NC,28202,141.38,0.00,141.38,0.00,,,,,,,,,,,,,,,,,
1362278,Donald Rocha for San Jose City Council 2014,000,CTL,41817,41777,41817,41793,,,DEBT,F,WGwPMWFaW1d5,OTH,Bank of America (VISA),,,,,,Charlotte,NC,28202,163.83,0.00,163.83,0.00,,,,,,,,,,,,,,,,,
1362278,Donald Rocha for San Jose City Council 2014,000,CTL,41817,41777,41817,41793,,,DEBT,F,RMk3AsuyUpwR,OTH,Bank of America (VISA),,,,,,Charlotte,NC,28202,65.25,0.00,65.25,0.00,,,,,,,,,,,,,,,,,
1362278,Donald Rocha for San Jose City Council 2014,000,CTL,41817,41777,41817,41793,,,DEBT,F,XUcW2bvjy3Ff,OTH,The Pivot Group,,,,,,Washington,DC,20006,14938.96,0.00,14938.96,0.00,CNS,,,,,,,,,,,,,,,,
1362278,Donald Rocha for San Jose City Council 2014,000,CTL,41817,41777,41817,41793,,,DEBT,F,wXAAEq4NiJ4m,OTH,Bank of America (VISA),,,,,,Charlotte,NC,28202,85.00,0.00,85.00,0.00,,,,,,,,,,,,,,,,,
1362278,Donald Rocha for San Jose City Council 2014,000,CTL,41817,41777,41817,41793,,,DEBT,F,NWF1Gdu3FfeC,OTH,Bank of America (VISA),,,,,,Charlotte,NC,28202,24.00,0.00,24.00,0.00,,,,,,,,,,,,,,,,,
1321515,Santa Clara County Correctional Peace Officers' Association PIC,001,RCP,41792,41275,41715,41793,,,DEBT,F,PAY63722,OTH,Santa Clara County Correctional Peace Officers' Association,,,,,,San Jose,CA,95131,0.00,15344.28,0.00,15344.28,,Staff Time for Public Relations,,,,,,,,,,,,,,,
1362278,Donald Rocha for San Jose City Council 2014,001,CTL,41788,41716,41776,41793,,,DEBT,F,Lv77cDwDU5ps,OTH,Bank of America (VISA),,,,,,Charlotte,NC,28202,0.00,141.38,0.00,141.38,,,,,,,,,,,,,,,,,
1362278,Donald Rocha for San Jose City Council 2014,001,CTL,41788,41716,41776,41793,,,DEBT,F,WGwPMWFaW1d5,OTH,Bank of America (VISA),,,,,,Charlotte,NC,28202,0.00,163.83,0.00,163.83,,,,,,,,,,,,,,,,,
1362278,Donald Rocha for San Jose City Council 2014,001,CTL,41788,41716,41776,41793,,,DEBT,F,kWvTyD6ZUQam,OTH,Bank of America (VISA),,,,,,Charlotte,NC,28202,0.00,98.00,0.00,98.00,,,,,,,,,,,,,,,,,
1362278,Donald Rocha for San Jose City Council 2014,001,CTL,41788,41716,41776,41793,,,DEBT,F,C9f41Ky5NZOL,OTH,Bank of America (VISA),,,,,,Charlotte,NC,28202,0.00,45.89,0.00,45.89,,,,,,,,,,,,,,,,,
1362278,Donald Rocha for San Jose City Council 2014,001,CTL,41788,41716,41776,41793,,,DEBT,F,XUcW2bvjy3Ff,OTH,The Pivot Group,,,,,,Washington,DC,20006,0.00,14938.96,0.00,14938.96,CNS,,,,,,,,,,,,,,,,
1362278,Donald Rocha for San Jose City Council 2014,001,CTL,41788,41716,41776,41793,,,DEBT,F,RMk3AsuyUpwR,OTH,Bank of America (VISA),,,,,,Charlotte,NC,28202,0.00,65.25,0.00,65.25,,,,,,,,,,,,,,,,,
1362278,Donald Rocha for San Jose City Council 2014,001,CTL,41788,41716,41776,41793,,,DEBT,F,iRxqkcI6KcmV,OTH,City of San Jose,,,,,,San Jose,CA,95113,2680.00,0.00,2680.00,0.00,FIL,Candidate Statement Fee,,,,,,,,,,,,,,,
1362278,Donald Rocha for San Jose City Council 2014,001,CTL,41788,41716,41776,41793,,,DEBT,F,AYBtrPaQvP3S,OTH,City of San Jose,,,,,,San Jose,CA,95113,25.00,0.00,25.00,0.00,FIL,Filing fee,,,,,,,,,,,,,,,
1362278,Donald Rocha for San Jose City Council 2014,001,CTL,41788,41716,41776,41793,,,DEBT,F,8MAfQqa9xbPp,OTH,Bank of America (VISA),,,,,,Charlotte,NC,28202,54.60,0.00,54.60,0.00,,,,,,,,,,,,,,,,,
820668,San Jose Silicon Valley Chamber of Commerce Political Action Committee (ChamberPAC),001,RCP,41789,41716,41776,,,,DEBT,F,PAY7515,OTH,Scott & Cronin LLP,,,,,,Encinitas,CA,92024,500.00,0.00,500.00,0.00,PRO,,,,,,,,,,,,,,,,
820668,San Jose Silicon Valley Chamber of Commerce Political Action Committee (ChamberPAC),001,RCP,41789,41716,41776,,,,DEBT,F,PAY7619,OTH,"Meridian Pacific, Inc.",,,,,,Sacramento,CA,95825,1500.00,0.00,1500.00,0.00,CNS,,,,,,,,,,,,,,,,
820668,San Jose Silicon Valley Chamber of Commerce Political Action Committee (ChamberPAC),001,RCP,41789,41716,41776,,,,DEBT,F,PAY7690,OTH,San Jose Silicon Valley Chamber of Commerce,,,,,,San Jose,CA,95113,0.00,1080.00,0.00,1080.00,FND,See Sch. G,,,,,,,,,,,,,,,
820668,San Jose Silicon Valley Chamber of Commerce Political Action Committee (ChamberPAC),001,RCP,41789,41716,41776,,,,DEBT,F,PAY7678,OTH,Scott & Cronin LLP,,,,,,Encinitas,CA,92024,0.00,500.00,0.00,500.00,PRO,,,,,,,,,,,,,,,,
820668,San Jose Silicon Valley Chamber of Commerce Political Action Committee (ChamberPAC),001,RCP,41789,41716,41776,,,,DEBT,F,PAY7682,OTH,"Meridian Pacific, Inc.",,,,,,Sacramento,CA,95825,0.00,3000.00,0.00,3000.00,CNS,,,,,,,,,,,,,,,,
1361879,"Kathy Sutherland for City Council District 3, 2014",1,RCP,41788,41716,41776,41793,,,DEBT,F,D476884,OTH,Citi Cards,,,,,,Des Moines,IA,50363-0005,0.00,410.66,0.00,410.66,OFC,,,,,,,,,,,,,,,,
1361879,"Kathy Sutherland for City Council District 3, 2014",1,RCP,41788,41716,41776,41793,,,DEBT,F,D468316,OTH,Citi Cards,,,,,,Des Moines,IA,50363-0005,834.73,0.00,834.73,0.00,,"Event Ticket, Information Tech., Office Expenses",,,,,,,,,,,,,,,
1361879,"Kathy Sutherland for City Council District 3, 2014",1,RCP,41788,41716,41776,41793,,,DEBT,F,D468317,COM,Voter Guide Slate Cards,,,,,,Long Beach,CA,90808,1200.00,0.00,1200.00,0.00,LIT,,1319578,,,,,,,,,,,,,,
1361879,"Kathy Sutherland for City Council District 3, 2014",1,RCP,41788,41716,41776,41793,,,DEBT,F,D468318,IND,Sutherland,Kathy,,,,,San Jose,CA,95126,75.00,0.00,75.00,0.00,MTG,,,,,,,,,,,,,,,,
1361879,"Kathy Sutherland for City Council District 3, 2014",1,RCP,41788,41716,41776,41793,,,DEBT,F,D476885,OTH,Santa Clara County United Democratic Campaign,,,,,,Los Altos,CA,94024,0.00,410.66,0.00,410.66,MTG,,871053,,,,,,,,,,X,,D476884,,
1361139,Neighbors for Sam Liccardo for Mayor 2014,1,CAO,41787,41716,41776,41793,,,DEBT,F,D464081,IND,Liccardo,Sam,,,,,San Jose,CA,95113,3535.34,0.00,0.00,3535.34,,"CNS, OFC, MTG, CMP",,,,,,,,,,,,,,,
1361139,Neighbors for Sam Liccardo for Mayor 2014,1,CAO,41787,41716,41776,41793,,,DEBT,F,D468306,OTH,Bank of America,,,,,,Charlotte,NC,28255,2502.15,0.00,2502.15,0.00,,"Office Expenses, Postage, Robo Calls, Campaign Paraphernalia",,,,,,,,,,,,,,,
1361139,Neighbors for Sam Liccardo for Mayor 2014,1,CAO,41787,41716,41776,41793,,,DEBT,F,D468307,IND,Padilla,Jonathan,,,,,San Jose,CA,95148,379.97,0.00,379.97,0.00,,"Postage, Event and Volunteer Food",,,,,,,,,,,,,,,
1361139,Neighbors for Sam Liccardo for Mayor 2014,1,CAO,41787,41716,41776,41793,,,DEBT,F,D468308,IND,Garcia-Kohl,Jessica,,,,,San Jose,CA,95112,19.60,0.00,19.60,0.00,POS,,,,,,,,,,,,,,,,
1361139,Neighbors for Sam Liccardo for Mayor 2014,1,CAO,41787,41716,41776,41793,,,DEBT,F,D468309,IND,Liccardo,Laura,,,,,San Jose,CA,95125,495.00,0.00,495.00,0.00,FIL,,,,,,,,,,,,,,,,
1361139,Neighbors for Sam Liccardo for Mayor 2014,1,CAO,41787,41716,41776,41793,,,DEBT,F,D476759,OTH,Sutton Law Firm,,,,,,San Francisco,CA,94108,0.00,11309.61,0.00,11309.61,PRO,,,,,,,,,,,,,,,,
1361139,Neighbors for Sam Liccardo for Mayor 2014,1,CAO,41787,41716,41776,41793,,,DEBT,F,D475105,IND,Padilla,Jonathan,,,,,San Jose,CA,95148,3535.34,0.00,0.00,3535.34,CNS,,,,,,,,,,,,X,,D464081,,
1360909,VAN LE FOR CITY COUNCIL 2014,001,CTL,41781,41716,41776,41793,,,DEBT,F,14hcvmr95Dnd,OTH,Cali Today,,,,,,San Jose,CA,95122,0.00,400.00,0.00,400.00,PRT,radio ad for the month of May,,,,,,,,,,,,,,,
1360909,VAN LE FOR CITY COUNCIL 2014,001,CTL,41781,41716,41776,41793,,,DEBT,F,TzUBVFqbgdq9,OTH,VietNam Bac Cali Radio,,,,,,San Jose,CA,95131,0.00,756.00,0.00,756.00,RAD,Radio ad for 3X per day for 7 days from 4/17-4/23,,,,,,,,,,,,,,,
1365924,Silicon Valley Fraternal Order of Police Supporting Magdalena Carrasco and Opposing Xavier Campos for City Council 2014,000,RCP,41781,41640,41776,41793,,,DEBT,F,PAY1,OTH,West Coast Public Affairs,,,,,,Encino,CA,91436,0.00,9798.45,0.00,9798.45,IND,Mailer supporting Magdalena Carrasco and opposing Xavier Campos for City Council,,,,,,,,,,,,,,,
1365924,Silicon Valley Fraternal Order of Police Supporting Magdalena Carrasco and Opposing Xavier Campos for City Council 2014,000,RCP,41781,41640,41776,41793,,,DEBT,F,PAY2,OTH,West Coast Public Affairs,,,,,,Encino,CA,91436,0.00,9798.45,0.00,9798.45,IND,Mailer opposing Xavier Campos for City Council,,,,,,,,,,,,,,,
1365924,Silicon Valley Fraternal Order of Police Supporting Magdalena Carrasco and Opposing Xavier Campos for City Council 2014,000,RCP,41781,41640,41776,41793,,,DEBT,F,PAY3,OTH,West Coast Public Affairs,,,,,,Encino,CA,91436,0.00,9798.45,0.00,9798.45,IND,Mailer opposing Xavier Campos for City Council,,,,,,,,,,,,,,,
1365924,Silicon Valley Fraternal Order of Police Supporting Magdalena Carrasco and Opposing Xavier Campos for City Council 2014,000,RCP,41781,41640,41776,41793,,,DEBT,F,PAY4,OTH,West Coast Public Affairs,,,,,,Encino,CA,91436,0.00,9798.45,0.00,9798.45,IND,Mailer opposing Xavier Campos for City Council,,,,,,,,,,,,,,,
FPPC#1361,Charles Jones for City Council 2014,000,CTL,41781,41716,41776,41762,,,DEBT,F,DseiegTfVvx6,OTH,Cal Printing,,,,,,San Jose,CA,95128,0.00,30.34,0.00,30.34,LIT,,,,,,,,,,,,,,,,
FPPC#1361,Charles Jones for City Council 2014,000,CTL,41781,41716,41776,41762,,,DEBT,F,6K8irtdZlkTN,OTH,Autumn Press,,,,,,Berkeley,CA,94710,0.00,4063.47,0.00,4063.47,LIT,,,,,,,,,,,,,,,,
FPPC#1361,Charles Jones for City Council 2014,000,CTL,41781,41716,41776,41762,,,DEBT,F,jiGFOHCGLp4g,OTH,Computerized Political Services,,,,,,San Jose,CA,95121,0.00,200.00,0.00,200.00,LIT,,,,,,,,,,,,,,,,
FPPC#1361,Charles Jones for City Council 2014,000,CTL,41781,41716,41776,41762,,,DEBT,F,hnSyuTmIHEjG,OTH,Diamond Quality Printing,,,,,,San Jose,CA,95110,0.00,1372.43,0.00,1372.43,LIT,,,,,,,,,,,,,,,,
FPPC#1361,Charles Jones for City Council 2014,000,CTL,41781,41716,41776,41762,,,DEBT,F,g8JO8QGq8GxD,OTH,DKH Studios,,,,,,San Jose,CA,95112,0.00,700.00,0.00,700.00,PRO,,,,,,,,,,,,,,,,
FPPC#1361,Charles Jones for City Council 2014,000,CTL,41781,41716,41776,41762,,,DEBT,F,b79aqwQpbprM,OTH,Cal Printing,,,,,,San Jose,CA,95128,0.00,296.78,0.00,296.78,LIT,,,,,,,,,,,,,,,,
FPPC#1361,Charles Jones for City Council 2014,000,CTL,41781,41716,41776,41762,,,DEBT,F,eEhsArPTLkFQ,OTH,Diamond Quality Printing,,,,,,San Jose,CA,95110,0.00,1083.15,0.00,1083.15,LIT,,,,,,,,,,,,,,,,
FPPC#1361,Charles Jones for City Council 2014,000,CTL,41781,41716,41776,41762,,,DEBT,F,Mh6Ly1kYec1q,OTH,Advertisers Mailing Service,,,,,,Santa Clara,CA,95050,0.00,374.45,0.00,374.45,LIT,,,,,,,,,,,,,,,,
FPPC#1361,Charles Jones for City Council 2014,000,CTL,41781,41716,41776,41762,,,DEBT,F,boSmjlgISqwc,OTH,DKH Studios,,,,,,San Jose,CA,95112,1250.00,0.00,1250.00,0.00,LIT,,,,,,,,,,,,,,,,
1361139,Neighbors for Sam Liccardo for Mayor 2014,000,CAO,41781,41716,41776,41793,,,DEBT,F,D464081,IND,Liccardo,Sam,,,,,San Jose,CA,95113,3535.34,0.00,0.00,3535.34,,"CNS, OFC, MTG, CMP",,,,,,,,,,,,,,,
1361139,Neighbors for Sam Liccardo for Mayor 2014,000,CAO,41781,41716,41776,41793,,,DEBT,F,D468306,OTH,Bank of America,,,,,,Charlotte,NC,28255,2502.15,0.00,2502.15,0.00,,"Office Expenses, Postage, Robo Calls, Campaign Paraphernalia",,,,,,,,,,,,,,,
1361139,Neighbors for Sam Liccardo for Mayor 2014,000,CAO,41781,41716,41776,41793,,,DEBT,F,D468307,IND,Padilla,Jonathan,,,,,San Jose,CA,95148,379.97,0.00,379.97,0.00,,"Postage, Event and Volunteer Food",,,,,,,,,,,,,,,
1361139,Neighbors for Sam Liccardo for Mayor 2014,000,CAO,41781,41716,41776,41793,,,DEBT,F,D468308,IND,Garcia-Kohl,Jessica,,,,,San Jose,CA,95112,19.60,0.00,19.60,0.00,POS,,,,,,,,,,,,,,,,
1361139,Neighbors for Sam Liccardo for Mayor 2014,000,CAO,41781,41716,41776,41793,,,DEBT,F,D468309,IND,Liccardo,Laura,,,,,San Jose,CA,95125,495.00,0.00,495.00,0.00,FIL,,,,,,,,,,,,,,,,
1361139,Neighbors for Sam Liccardo for Mayor 2014,000,CAO,41781,41716,41776,41793,,,DEBT,F,D476759,OTH,Sutton Law Firm,,,,,,San Francisco,CA,94108,0.00,11309.61,0.00,11309.61,PRO,,,,,,,,,,,,,,,,
1361139,Neighbors for Sam Liccardo for Mayor 2014,000,CAO,41781,41716,41776,41793,,,DEBT,F,D475105,IND,Padilla,Jonathan,,,,,San Jose,CA,95148,3535.34,0.00,0.00,3535.34,CNS,,,,,,,,,,,,X,,D464081,,
1362030,"Yes on Measure B, Save San Jose Libraries 2014, with major support by the San Jose Public Library Foundation",000,BMC,41780,41716,41776,41793,,,DEBT,F,F-139-V,OTH,Liberty Mutual Insurance,,,,,,Campbell,CA,95008,0.00,500.00,0.00,500.00,,Insurance,,,,,,,,,,,,,,,
1362030,"Yes on Measure B, Save San Jose Libraries 2014, with major support by the San Jose Public Library Foundation",000,BMC,41780,41716,41776,41793,,,DEBT,F,F-141-W,OTH,US Bank,,,,,,Minneapolis,MN,55402,0.00,459.75,0.00,459.75,,Various credit card purchases. See Schedule G for Credit Card Payees meeting threshold.,,,,,,,,,,,,,,,
1362278,Donald Rocha for San Jose City Council 2014,000,CTL,41781,41716,41776,41793,,,DEBT,F,Lv77cDwDU5ps,OTH,Bank of America (VISA),,,,,,Charlotte,NC,28202,0.00,141.38,0.00,141.38,,,,,,,,,,,,,,,,,
1362278,Donald Rocha for San Jose City Council 2014,000,CTL,41781,41716,41776,41793,,,DEBT,F,WGwPMWFaW1d5,OTH,Bank of America (VISA),,,,,,Charlotte,NC,28202,0.00,163.83,0.00,163.83,,,,,,,,,,,,,,,,,
1362278,Donald Rocha for San Jose City Council 2014,000,CTL,41781,41716,41776,41793,,,DEBT,F,kWvTyD6ZUQam,OTH,Bank of America (VISA),,,,,,Charlotte,NC,28202,0.00,98.00,0.00,98.00,,,,,,,,,,,,,,,,,
1362278,Donald Rocha for San Jose City Council 2014,000,CTL,41781,41716,41776,41793,,,DEBT,F,C9f41Ky5NZOL,OTH,Bank of America (VISA),,,,,,Charlotte,NC,28202,0.00,45.89,0.00,45.89,,,,,,,,,,,,,,,,,
1362278,Donald Rocha for San Jose City Council 2014,000,CTL,41781,41716,41776,41793,,,DEBT,F,XUcW2bvjy3Ff,OTH,The Pivot Group,,,,,,Washington,DC,20006,0.00,14938.96,0.00,14938.96,CNS,,,,,,,,,,,,,,,,
1362278,Donald Rocha for San Jose City Council 2014,000,CTL,41781,41716,41776,41793,,,DEBT,F,RMk3AsuyUpwR,OTH,Bank of America (VISA),,,,,,Charlotte,NC,28202,0.00,65.25,0.00,65.25,,,,,,,,,,,,,,,,,
1362278,Donald Rocha for San Jose City Council 2014,000,CTL,41781,41716,41776,41793,,,DEBT,F,iRxqkcI6KcmV,OTH,City of San Jose,,,,,,San Jose,CA,95113,2680.00,0.00,2680.00,0.00,FIL,Candidate Statement Fee,,,,,,,,,,,,,,,
1362278,Donald Rocha for San Jose City Council 2014,000,CTL,41781,41716,41776,41793,,,DEBT,F,AYBtrPaQvP3S,OTH,City of San Jose,,,,,,San Jose,CA,95113,25.00,0.00,25.00,0.00,FIL,Filing fee,,,,,,,,,,,,,,,
1362278,Donald Rocha for San Jose City Council 2014,000,CTL,41781,41716,41776,41793,,,DEBT,F,8MAfQqa9xbPp,OTH,Bank of America (VISA),,,,,,Charlotte,NC,28202,54.60,0.00,54.60,0.00,,,,,,,,,,,,,,,,,
1360909,VAN LE FOR CITY COUNCIL 2014,000,CTL,41781,41716,41776,41793,,,DEBT,F,14hcvmr95Dnd,OTH,Cali Today,,,,,,San Jose,CA,95122,0.00,400.00,0.00,400.00,PRT,radio ad for the month of May,,,,,,,,,,,,,,,
1360909,VAN LE FOR CITY COUNCIL 2014,000,CTL,41781,41716,41776,41793,,,DEBT,F,TzUBVFqbgdq9,OTH,VietNam Bac Cali Radio,,,,,,San Jose,CA,95131,0.00,756.00,0.00,756.00,RAD,Radio ad for 3X per day for 7 days from 4/17-4/23,,,,,,,,,,,,,,,
820668,San Jose Silicon Valley Chamber of Commerce Political Action Committee (ChamberPAC),000,RCP,41781,41716,41776,,,,DEBT,F,PAY7515,OTH,Scott & Cronin LLP,,,,,,Encinitas,CA,92024,500.00,0.00,500.00,0.00,PRO,,,,,,,,,,,,,,,,
820668,San Jose Silicon Valley Chamber of Commerce Political Action Committee (ChamberPAC),000,RCP,41781,41716,41776,,,,DEBT,F,PAY7619,OTH,"Meridian Pacific, Inc.",,,,,,Sacramento,CA,95825,1500.00,0.00,1500.00,0.00,CNS,,,,,,,,,,,,,,,,
820668,San Jose Silicon Valley Chamber of Commerce Political Action Committee (ChamberPAC),000,RCP,41781,41716,41776,,,,DEBT,F,PAY7678,OTH,Scott & Cronin LLP,,,,,,Encinitas,CA,92024,0.00,500.00,0.00,500.00,PRO,,,,,,,,,,,,,,,,
820668,San Jose Silicon Valley Chamber of Commerce Political Action Committee (ChamberPAC),000,RCP,41781,41716,41776,,,,DEBT,F,PAY7682,OTH,"Meridian Pacific, Inc.",,,,,,Sacramento,CA,95825,0.00,3000.00,0.00,3000.00,CNS,,,,,,,,,,,,,,,,
1362352,Xavier Campos for City Council 2014,000,CTL,41780,41716,41776,41793,,,DEBT,F,F-49-W,OTH,American Express,,,,,,Fort Lauderdale,FL,33337,0.00,6696.73,156.83,6539.90,,Various credit card purchases. See Schedule G for Credit Card Payees meeting threshold.,,,,,,,,,,,,,,,
1362352,Xavier Campos for City Council 2014,000,CTL,41780,41716,41776,41793,,,DEBT,F,F-30-V,OTH,EMC Research,,,,,,Oakland,CA,94612,10000.00,0.00,5000.00,5000.00,POL,,,,,,,,,,,,,,,,
1362352,Xavier Campos for City Council 2014,000,CTL,41780,41716,41776,41793,,,DEBT,F,F-29-V,OTH,John A. Jensen Graphic Design,,,,,,Oakland,CA,94611,600.00,1400.00,800.00,1200.00,,Graphic Design,,,,,,,,,,,,,,,
1362352,Xavier Campos for City Council 2014,000,CTL,41780,41716,41776,41793,,,DEBT,F,F-28-V,OTH,Miller & Olson LLP,,,,,,Burlingame,CA,94010,3009.72,4048.61,3009.72,4048.61,PRO,,,,,,,,,,,,,,,,
1366242,"CITIZENS FOR A SAFE & STRONG SAN JOSE, SUPPORTING LICCARDO FOR MAYOR 2014",000,RCP,41781,41640,41776,41793,,,DEBT,F,PAY51,OTH,ERWIN AND MUIR PUBLIC AFFAIRS AND POLITICAL CONSULTING,,,,,,Oakland,CA,94612,0.00,12150.00,0.00,12150.00,IND,"MAILER SUPPORTING SAM LICCARDO, MAYOR, CITY OF SAN JOSE; NOT YET ALLOCATED",,,,,,,,,,,,,,,
1362201,Maya Esparza for City Council 2014,000,CAO,41781,41716,41776,41793,,,DEBT,F,D467981,OTH,"Contribution Solutions, LLC",,,,,,San Jose,CA,95112,400.00,0.00,400.00,0.00,PRO,,,,,,,,,,,,,,,,
1362201,Maya Esparza for City Council 2014,000,CAO,41781,41716,41776,41793,,,DEBT,F,D467982,OTH,"Contribution Solutions, LLC",,,,,,San Jose,CA,95112,200.00,0.00,200.00,0.00,PRO,,,,,,,,,,,,,,,,
1362219,Magdalena Carrasco for City Council 2014,000,RCP,41781,41716,41776,41793,,,DEBT,F,D467984,OTH,"Contribution Solutions, LLC",,,,,,San Jose,CA,95112,450.00,0.00,450.00,0.00,PRO,,,,,,,,,,,,,,,,
1362219,Magdalena Carrasco for City Council 2014,000,RCP,41781,41716,41776,41793,,,DEBT,F,D467985,OTH,"Contribution Solutions, LLC",,,,,,San Jose,CA,95112,100.00,0.00,100.00,0.00,PRO,,,,,,,,,,,,,,,,
1362219,Magdalena Carrasco for City Council 2014,000,RCP,41781,41716,41776,41793,,,DEBT,F,D461596,OTH,"Contribution Solutions, LLC",,,,,,San Jose,CA,95112,285.97,0.00,285.97,0.00,OFC,,,,,,,,,,,,,,,,
1362219,Magdalena Carrasco for City Council 2014,000,RCP,41781,41716,41776,41793,,,DEBT,F,D461598,OTH,"NGP VAN, Inc.",,,,,,Washington,DC,20005,150.00,0.00,150.00,0.00,OFC,,,,,,,,,,,,,,,,
1361879,"Kathy Sutherland for City Council District 3, 2014",000,RCP,41781,41716,41776,41793,,,DEBT,F,D476884,OTH,Citi Cards,,,,,,Des Moines,IA,50363-0005,0.00,410.66,0.00,410.66,OFC,,,,,,,,,,,,,,,,
1361879,"Kathy Sutherland for City Council District 3, 2014",000,RCP,41781,41716,41776,41793,,,DEBT,F,D468316,OTH,Citi Cards,,,,,,Des Moines,IA,50363-0005,834.73,0.00,834.73,0.00,,"Event Ticket, Information Tech., Office Expenses",,,,,,,,,,,,,,,
1361879,"Kathy Sutherland for City Council District 3, 2014",000,RCP,41781,41716,41776,41793,,,DEBT,F,D468317,COM,Voter Guide Slate Cards,,,,,,Long Beach,CA,90808,1200.00,0.00,1200.00,0.00,LIT,,1319578,,,,,,,,,,,,,,
1361879,"Kathy Sutherland for City Council District 3, 2014",000,RCP,41781,41716,41776,41793,,,DEBT,F,D468318,IND,Sutherland,Kathy,,,,,San Jose,CA,95126,75.00,0.00,75.00,0.00,MTG,,,,,,,,,,,,,,,,
1361879,"Kathy Sutherland for City Council District 3, 2014",000,RCP,41781,41716,41776,41793,,,DEBT,F,D476885,OTH,Santa Clara County United Democratic Campaign,,,,,,Los Altos,CA,94024,0.00,410.66,0.00,410.66,MTG,,871053,,,,,,,,,,X,,D476884,,
1362127,Friends of Don Gagliardi for San Jose City Council (District 3) in 2014,000,CAO,41780,41716,41776,41793,,,DEBT,F,VNEZD9H9J65,IND,Morrill,Tina,,,,,San Jose,CA,95110-2243,0.00,27.14,0.00,27.14,OFC,,,,,,,,,,,,,,,,
1362127,Friends of Don Gagliardi for San Jose City Council (District 3) in 2014,000,CAO,41780,41716,41776,41793,,,DEBT,F,VNEZD9H95B6,IND,Lu,Sonya,,,,,San Jose,CA,95112-1729,449.50,0.00,449.50,0.00,OFC,Office Expenses,,,,,,,,,,,,,,,
980947,Association of Retired San Jose Police Officers and Firefighters Political Action Committee,000,RCP,41776,41716,41776,41793,,,DEBT,F,PAY739,OTH,"Rutan & Tucker, LLP",,,,,,Palo Alto,CA,94306,157.44,0.00,0.00,157.44,PRO,,,,,,,,,,,,,,,,
980947,Association of Retired San Jose Police Officers and Firefighters Political Action Committee,000,RCP,41776,41716,41776,41793,,,DEBT,F,PAY831,OTH,The Henry Levy Group,,,,,,Oakland,CA,94618,612.70,0.00,612.70,0.00,PRO,,,,,,,,,,,,,,,,
980947,Association of Retired San Jose Police Officers and Firefighters Political Action Committee,000,RCP,41776,41716,41776,41793,,,DEBT,F,PAY853,OTH,"Saggau-DeRollo, LLC",,,,,,San Jose,CA,95113,2500.00,0.00,2500.00,0.00,CNS,,,,,,,,,,,,,,,,
980947,Association of Retired San Jose Police Officers and Firefighters Political Action Committee,000,RCP,41776,41716,41776,41793,,,DEBT,F,PAY838,OTH,"Rutan & Tucker, LLP",,,,,,Palo Alto,CA,94306,804.00,0.00,804.00,0.00,PRO,,,,,,,,,,,,,,,,
980947,Association of Retired San Jose Police Officers and Firefighters Political Action Committee,000,RCP,41776,41716,41776,41793,,,DEBT,F,PAY875,COM,South Bay Labor Council COPE,,,,,,San Jose,CA,95125,0.00,65.59,0.00,65.59,IND,Data for mailer in support of Dave Cortese for SJ Mayor,744711,,,,,,,,,,,,,,
980947,Association of Retired San Jose Police Officers and Firefighters Political Action Committee,000,RCP,41776,41716,41776,41793,,,DEBT,F,PAY876,COM,South Bay Labor Council COPE,,,,,,San Jose,CA,95125,0.00,65.59,0.00,65.59,IND,Data for mailer in support of Raul Peralez for SJ City Council,744711,,,,,,,,,,,,,,
980947,Association of Retired San Jose Police Officers and Firefighters Political Action Committee,000,RCP,41776,41716,41776,41793,,,DEBT,F,PAY877,COM,South Bay Labor Council COPE,,,,,,San Jose,CA,95125,0.00,88.53,0.00,88.53,IND,Data for mailer in support of Dave Cortese for SJ Mayor,744711,,,,,,,,,,,,,,
980947,Association of Retired San Jose Police Officers and Firefighters Political Action Committee,000,RCP,41776,41716,41776,41793,,,DEBT,F,PAY878,COM,South Bay Labor Council COPE,,,,,,San Jose,CA,95125,0.00,88.53,0.00,88.53,IND,Data for mailer in support of Paul Fong for SJ City Council,744711,,,,,,,,,,,,,,
980947,Association of Retired San Jose Police Officers and Firefighters Political Action Committee,000,RCP,41776,41716,41776,41793,,,DEBT,F,PAY889,OTH,"Rutan & Tucker, LLP",,,,,,Palo Alto,CA,94306,0.00,1474.00,0.00,1474.00,PRO,,,,,,,,,,,,,,,,
743393,"San Jose Firefighters, IAFF Local 230 Political Action Committee",000,RCP,41780,41716,41776,41793,,,DEBT,F,PAY651,OTH,"Saggau DeRollo, LLC",,,,,,San Jose,CA,95113,367.50,0.00,0.00,367.50,IND,"Placement of a newspaper ad in opposition to Rose Herrera for SJ Council, District 8",,,,,,,,,,,,,,,
743393,"San Jose Firefighters, IAFF Local 230 Political Action Committee",000,RCP,41780,41716,41776,41793,,,DEBT,F,PAY652,OTH,"Saggau DeRollo, LLC",,,,,,San Jose,CA,95113,367.50,0.00,0.00,367.50,IND,"Placement of a newspaper ad in support of Patricia Martinez Roach for SJ Council, District 8",,,,,,,,,,,,,,,
743393,"San Jose Firefighters, IAFF Local 230 Political Action Committee",000,RCP,41780,41716,41776,41793,,,DEBT,F,PAY653,OTH,"Saggau DeRollo, LLC",,,,,,San Jose,CA,95113,735.00,0.00,0.00,735.00,IND,Placement of a newspaper ad in opposition to Rose Herrera for SJ Council District 8,,,,,,,,,,,,,,,
743393,"San Jose Firefighters, IAFF Local 230 Political Action Committee",000,RCP,41780,41716,41776,41793,,,DEBT,F,PAY17404,OTH,"Henry C. Levy & Company, CPAs",,,,,,Oakland,CA,94618,1804.55,0.00,0.00,1804.55,PRO,,,,,,,,,,,,,,,,
743393,"San Jose Firefighters, IAFF Local 230 Political Action Committee",000,RCP,41780,41716,41776,41793,,,DEBT,F,PAY20018,OTH,"Henry C. Levy & Company, CPAs",,,,,,Oakland,CA,94618,0.00,1967.40,0.00,1967.40,PRO,,,,,,,,,,,,,,,,
743393,"San Jose Firefighters, IAFF Local 230 Political Action Committee",000,RCP,41780,41716,41776,41793,,,DEBT,F,PAY20666,OTH,"Rutan & Tucker, LLP",,,,,,Palo Alto,CA,94306,0.00,912.50,0.00,912.50,PRO,,,,,,,,,,,,,,,,
743393,"San Jose Firefighters, IAFF Local 230 Political Action Committee",000,RCP,41780,41716,41776,41793,,,DEBT,F,PAY20695,OTH,"Henry C. Levy & Company, CPAs",,,,,,Oakland,CA,94618,0.00,2055.45,0.00,2055.45,PRO,,,,,,,,,,,,,,,,
743393,"San Jose Firefighters, IAFF Local 230 Political Action Committee",000,RCP,41780,41716,41776,41793,,,DEBT,F,PAY20694,OTH,"Rutan & Tucker, LLP",,,,,,Palo Alto,CA,94306,0.00,4278.00,0.00,4278.00,PRO,,,,,,,,,,,,,,,,
743393,"San Jose Firefighters, IAFF Local 230 Political Action Committee",000,RCP,41780,41716,41776,41793,,,DEBT,F,PAY20674,COM,South Bay AFL-CIO Labor Council COPE,,,,,,San Jose,CA,95125,0.00,65.84,0.00,65.84,IND,Data for mailer in support of Dave Cortese for SJ Mayor,744711,,,,,,,,,,,,,,
743393,"San Jose Firefighters, IAFF Local 230 Political Action Committee",000,RCP,41780,41716,41776,41793,,,DEBT,F,PAY20675,COM,South Bay AFL-CIO Labor Council COPE,,,,,,San Jose,CA,95125,0.00,65.84,0.00,65.84,IND,"Data for mailer in support of Maya Esparza for SJ City Council, District 7",744711,,,,,,,,,,,,,,
743393,"San Jose Firefighters, IAFF Local 230 Political Action Committee",000,RCP,41780,41716,41776,41793,,,DEBT,F,PAY20676,COM,South Bay AFL-CIO Labor Council COPE,,,,,,San Jose,CA,95125,0.00,745.88,0.00,745.88,IND,Data for mailer in support of Dave Cortese for SJ Mayor,744711,,,,,,,,,,,,,,
ID1362189,Mejia for City Council 2014,000,CTL,41780,41716,41776,41793,,,DEBT,F,so4w2ksaRgwz,OTH,Capitol Consulting & PR,,,,,,Carmel,CA,93922,2000.00,0.00,0.00,2000.00,CNS,December 2013 Consulting Fees,,,,,,,,,,,,,,,
ID1362189,Mejia for City Council 2014,000,CTL,41780,41716,41776,41793,,,DEBT,F,D4tThpmxIDtc,OTH,Joelle Creative Design Studio,,,,,,San Jose,CA,95121,5500.00,0.00,1000.00,4500.00,,Logo Design & Brand Asset Design,,,,,,,,,,,,,,,
1362187,Dave Cortese for Mayor 2014,02,CAO,41780,41640,41715,41947,,,DEBT,F,D387664,OTH,Terris Barnes Walters,,,,,,San Francisco,CA,94104-1219,4741.12,0.00,4741.12,0.00,OFC,,,,,,,,,,,,,,,,
1362187,Dave Cortese for Mayor 2014,02,CAO,41780,41640,41715,41947,,,DEBT,F,D387665,OTH,Pacific Printing,,,,,,San Jose,CA,95112-5827,4741.12,0.00,4741.12,0.00,OFC,"Letterhead, envelopes, remit stickers, signs, business cards",,,,,,,,,,,X,,D387664,,
1362187,Dave Cortese for Mayor 2014,02,CAO,41780,41640,41715,41947,,,DEBT,F,D387669,OTH,Pacific Printing,,,,,,San Jose,CA,95112-5827,4741.12,0.00,4741.12,0.00,POS,Postage Kick-off,,,,,,,,,,,X,,D387664,,
1362187,Dave Cortese for Mayor 2014,02,CAO,41780,41640,41715,41947,,,DEBT,F,D388042,OTH,Pacific Printing,,,,,,San Jose,CA,95112-5827,4741.12,0.00,4741.12,0.00,LIT,"Mailhouse, Printing Kick-off",,,,,,,,,,,X,,D387664,,
1362111,Paul Fong for San Jose City Council 2014,000,CTL,41780,41716,41776,41793,,,DEBT,F,PAY262,OTH,Warren & Associates LLC,,,,,,Novato,CA,94949,989.79,0.00,989.79,0.00,,PRO/OFC,,,,,,,,,,,,,,,
1362111,Paul Fong for San Jose City Council 2014,000,CTL,41780,41716,41776,41793,,,DEBT,F,PAY263,OTH,Warren & Associates LLC,,,,,,Novato,CA,94949,375.25,0.00,375.25,0.00,PRO,,,,,,,,,,,,,,,,
1362111,Paul Fong for San Jose City Council 2014,000,CTL,41780,41716,41776,41793,,,DEBT,F,PAY275,OTH,"Terris, Barnes & Walters",,,,,,San Francisco,CA,94104,10033.00,0.00,10033.00,0.00,,CNS/LIT/CMP,,,,,,,,,,,,,,,
1362111,Paul Fong for San Jose City Council 2014,000,CTL,41780,41716,41776,41793,,,DEBT,F,PAY393,OTH,"Terris, Barnes & Walters",,,,,,San Francisco,CA,94104,0.00,27533.00,0.00,27533.00,,CNS/LIT,,,,,,,,,,,,,,,
1362111,Paul Fong for San Jose City Council 2014,000,CTL,41780,41716,41776,41793,,,DEBT,F,PAY391,OTH,"Terris, Barnes & Walters",,,,,,San Francisco,CA,94104,0.00,2399.19,0.00,2399.19,CNS,,,,,,,,,,,,,,,,
1362111,Paul Fong for San Jose City Council 2014,000,CTL,41780,41716,41776,41793,,,DEBT,F,PAY392,OTH,Warren & Associates LLC,,,,,,Novato,CA,94949,0.00,855.00,0.00,855.00,PRO,,,,,,,,,,,,,,,,
1362111,Paul Fong for San Jose City Council 2014,000,CTL,41780,41716,41776,41793,,,DEBT,F,PAY259,IND,Zeng,Jing,,,,,San Ramon,CA,94583,1.00,0.00,1.00,0.00,RFD,,,,,,,,,,,,,,,,
1355422,Paul Fong for Assembly 2012 Officeholder Account,000,CTL,41780,41716,41776,41219,,,DEBT,F,PAY88,OTH,Warren & Associates LLC,,,,,,Novato,CA,94949,105.00,0.00,105.00,0.00,PRO,,,,,,,,,,,,,,,,
1355422,Paul Fong for Assembly 2012 Officeholder Account,000,CTL,41780,41716,41776,41219,,,DEBT,F,PAY96,OTH,McKinley Pillows Fundraising,,,,,,Sacramento,CA,95814,0.00,262.50,0.00,262.50,FND,,,,,,,,,,,,,,,,
1355422,Paul Fong for Assembly 2012 Officeholder Account,000,CTL,41780,41716,41776,41219,,,DEBT,F,PAY103,OTH,Warren & Associates LLC,,,,,,Novato,CA,94949,0.00,225.25,0.00,225.25,PRO,,,,,,,,,,,,,,,,
1355422,Paul Fong for Assembly 2012 Officeholder Account,001,CTL,41780,41640,41715,41219,,,DEBT,F,PAY27,OTH,Tequila Museo Mayahuel,,,,,,Sacramento,CA,95814,-116.64,116.64,0.00,0.00,,Deposit refund,,,,,,,,,,,,,,,
1355422,Paul Fong for Assembly 2012 Officeholder Account,001,CTL,41780,41640,41715,41219,,,DEBT,F,PAY79,OTH,McKinley Pillows Fundraising,,,,,,Sacramento,CA,95814,225.67,0.00,225.67,0.00,FND,,,,,,,,,,,,,,,,
1355422,Paul Fong for Assembly 2012 Officeholder Account,001,CTL,41780,41640,41715,41219,,,DEBT,F,PAY69,OTH,Wells Fargo Business Card,,,,,,San Francisco,CA,94103,269.05,0.00,269.05,0.00,,WEB/CVC/MTG,,,,,,,,,,,,,,,
1355422,Paul Fong for Assembly 2012 Officeholder Account,001,CTL,41780,41640,41715,41219,,,DEBT,F,PAY68,OTH,Warren & Associates LLC,,,,,,Novato,CA,94949,509.87,0.00,509.87,0.00,,PRO/OFC,,,,,,,,,,,,,,,
1355422,Paul Fong for Assembly 2012 Officeholder Account,001,CTL,41780,41640,41715,41219,,,DEBT,F,PAY88,OTH,Warren & Associates LLC,,,,,,Novato,CA,94949,0.00,105.00,0.00,105.00,PRO,,,,,,,,,,,,,,,,
1362111,Paul Fong for San Jose City Council 2014,001,CTL,41779,41640,41715,41793,,,DEBT,F,PAY119,OTH,Pacific Printing,,,,,,San Jose,CA,95112,337.13,0.00,337.13,0.00,LIT,,,,,,,,,,,,,,,,
1362111,Paul Fong for San Jose City Council 2014,001,CTL,41779,41640,41715,41793,,,DEBT,F,PAY122,OTH,Warren & Associates LLC,,,,,,Novato,CA,94949,1477.50,0.00,1477.50,0.00,,PRO/OFC,,,,,,,,,,,,,,,
1362111,Paul Fong for San Jose City Council 2014,001,CTL,41779,41640,41715,41793,,,DEBT,F,PAY262,OTH,Warren & Associates LLC,,,,,,Novato,CA,94949,0.00,989.79,0.00,989.79,,PRO/OFC,,,,,,,,,,,,,,,
1362111,Paul Fong for San Jose City Council 2014,001,CTL,41779,41640,41715,41793,,,DEBT,F,PAY263,OTH,Warren & Associates LLC,,,,,,Novato,CA,94949,0.00,375.25,0.00,375.25,PRO,,,,,,,,,,,,,,,,
1362111,Paul Fong for San Jose City Council 2014,001,CTL,41779,41640,41715,41793,,,DEBT,F,PAY275,OTH,"Terris, Barnes & Walters",,,,,,San Francisco,CA,94104,0.00,10033.00,0.00,10033.00,,CNS/LIT/CMP,,,,,,,,,,,,,,,
1362111,Paul Fong for San Jose City Council 2014,001,CTL,41779,41640,41715,41793,,,DEBT,F,PAY259,IND,Zeng,Jing,,,,,San Ramon,CA,94583,0.00,1.00,0.00,1.00,RFD,,,,,,,,,,,,,,,,
1296165,Paul Fong for Assembly 2008,000,CTL,41781,41716,41776,39756,,,DEBT,F,PAY1103,IND,Fong,Paul J.,,,,,Sunnyvale,CA,94086-0000,1000.00,0.00,0.00,1000.00,OFC,,,,,,,,,,,,,,,,
1296165,Paul Fong for Assembly 2008,000,CTL,41781,41716,41776,39756,,,DEBT,F,PAY1104,IND,Fong,Paul J.,,,,,Sunnyvale,CA,94086-0000,1000.00,0.00,0.00,1000.00,OFC,,,,,,,,,,,,,,,,
1296165,Paul Fong for Assembly 2008,000,CTL,41781,41716,41776,39756,,,DEBT,F,PAY1105,IND,Fong,Paul J.,,,,,Sunnyvale,CA,94086-0000,1000.00,0.00,0.00,1000.00,OFC,,,,,,,,,,,,,,,,
1296165,Paul Fong for Assembly 2008,000,CTL,41781,41716,41776,39756,,,DEBT,F,PAY1157,IND,Fong,Paul J.,,,,,Sunnyvale,CA,94086-0000,1000.00,0.00,0.00,1000.00,OFC,,,,,,,,,,,,,,,,
1296165,Paul Fong for Assembly 2008,000,CTL,41781,41716,41776,39756,,,DEBT,F,PAY1158,IND,Fong,Paul J.,,,,,Sunnyvale,CA,94086-0000,1000.00,0.00,0.00,1000.00,OFC,,,,,,,,,,,,,,,,
1296165,Paul Fong for Assembly 2008,000,CTL,41781,41716,41776,39756,,,DEBT,F,PAY1159,IND,Fong,Paul J.,,,,,Sunnyvale,CA,94086-0000,1000.00,0.00,0.00,1000.00,OFC,,,,,,,,,,,,,,,,
1296165,Paul Fong for Assembly 2008,000,CTL,41781,41716,41776,39756,,,DEBT,F,PAY1160,IND,Fong,Paul J.,,,,,Sunnyvale,CA,94086-0000,499.87,0.00,0.00,499.87,OFC,,,,,,,,,,,,,,,,
1296165,Paul Fong for Assembly 2008,000,CTL,41781,41716,41776,39756,,,DEBT,F,PAY1467,OTH,Ross Communications,,,,,,Sacramento,CA,95814,100000.00,0.00,0.00,100000.00,CNS,,,,,,,,,,,,,,,,
1296165,Paul Fong for Assembly 2008,000,CTL,41781,41716,41776,39756,,,DEBT,F,PAY1768,OTH,"Warren & Associates, LLC",,,,,,Novato,CA,94949,256.50,0.00,0.00,256.50,,PRO/OFC,,,,,,,,,,,,,,,
1296165,Paul Fong for Assembly 2008,000,CTL,41781,41716,41776,39756,,,DEBT,F,PAY1769,OTH,"Warren & Associates, LLC",,,,,,Novato,CA,94949,539.97,0.00,0.00,539.97,,PRO/OFC,,,,,,,,,,,,,,,
1296165,Paul Fong for Assembly 2008,000,CTL,41781,41716,41776,39756,,,DEBT,F,PAY1770,OTH,"Warren & Associates, LLC",,,,,,Novato,CA,94949,145.50,0.00,0.00,145.50,,PRO/OFC,,,,,,,,,,,,,,,
1296165,Paul Fong for Assembly 2008,000,CTL,41781,41716,41776,39756,,,DEBT,F,PAY1771,OTH,"Warren & Associates, LLC",,,,,,Novato,CA,94949,0.00,364.88,0.00,364.88,PRO,,,,,,,,,,,,,,,,
1296165,Paul Fong for Assembly 2008,000,CTL,41781,41716,41776,39756,,,DEBT,F,PAY1772,OTH,"Warren & Associates, LLC",,,,,,Novato,CA,94949,0.00,318.50,0.00,318.50,PRO,,,,,,,,,,,,,,,,
1361139,Neighbors for Sam Liccardo for Mayor 2014,2,CAO,41765,41640,41715,41793,,,DEBT,F,D464081,IND,Liccardo,Sam,,,,,San Jose,CA,95113,3535.34,0.00,0.00,3535.34,,"CNS, OFC, MTG, CMP",,,,,,,,,,,,,,,
1361139,Neighbors for Sam Liccardo for Mayor 2014,2,CAO,41765,41640,41715,41793,,,DEBT,F,D462022,OTH,Sutton Law Firm,,,,,,San Francisco,CA,94108,4798.01,0.00,4798.01,0.00,PRO,,,,,,,,,,,,,,,,
1361139,Neighbors for Sam Liccardo for Mayor 2014,2,CAO,41765,41640,41715,41793,,,DEBT,F,D460173,IND,Padilla,Jonathan,,,,,San Jose,CA,95148,168.24,0.00,168.24,0.00,,"Reimbursement - Event supplies, volunteer food, office supplies",,,,,,,,,,,,,,,
1361139,Neighbors for Sam Liccardo for Mayor 2014,2,CAO,41765,41640,41715,41793,,,DEBT,F,D468306,OTH,Bank of America,,,,,,Charlotte,NC,28255,0.00,2502.15,0.00,2502.15,,"Office Expenses, Postage, Robo Calls, Campaign Paraphernalia",,,,,,,,,,,,,,,
1361139,Neighbors for Sam Liccardo for Mayor 2014,2,CAO,41765,41640,41715,41793,,,DEBT,F,D460176,IND,Rasheed,Bushra,,,,,San Jose,CA,95121,212.03,0.00,212.03,0.00,,"Reimbursement - Volunteer food, office expenses",,,,,,,,,,,,,,,
1361139,Neighbors for Sam Liccardo for Mayor 2014,2,CAO,41765,41640,41715,41793,,,DEBT,F,D468307,IND,Padilla,Jonathan,,,,,San Jose,CA,95148,0.00,379.97,0.00,379.97,,"Postage, Event and Volunteer Food",,,,,,,,,,,,,,,
1361139,Neighbors for Sam Liccardo for Mayor 2014,2,CAO,41765,41640,41715,41793,,,DEBT,F,D468308,IND,Garcia-Kohl,Jessica,,,,,San Jose,CA,95112,0.00,19.60,0.00,19.60,POS,,,,,,,,,,,,,,,,
1361139,Neighbors for Sam Liccardo for Mayor 2014,2,CAO,41765,41640,41715,41793,,,DEBT,F,D468309,IND,Liccardo,Laura,,,,,San Jose,CA,95125,0.00,495.00,0.00,495.00,FIL,,,,,,,,,,,,,,,,
1361139,Neighbors for Sam Liccardo for Mayor 2014,2,CAO,41765,41640,41715,41793,,,DEBT,F,D475105,IND,Padilla,Jonathan,,,,,San Jose,CA,95148,3535.34,0.00,0.00,3535.34,CNS,,,,,,,,,,,,X,,D464081,,
820668,San Jose Silicon Valley Chamber of Commerce Political Action Committee (ChamberPAC),001,RCP,41766,41640,41715,,,,DEBT,F,PAY7335,OTH,Scott & Cronin LLP,,,,,,Encinitas,CA,92024,561.83,0.00,561.83,0.00,PRO,,,,,,,,,,,,,,,,
820668,San Jose Silicon Valley Chamber of Commerce Political Action Committee (ChamberPAC),001,RCP,41766,41640,41715,,,,DEBT,F,PAY7337,OTH,San Jose Silicon Valley Chamber of Commerce,,,,,,San Jose,CA,95113,55.80,0.00,55.80,0.00,MTG,,,,,,,,,,,,,,,,
820668,San Jose Silicon Valley Chamber of Commerce Political Action Committee (ChamberPAC),001,RCP,41766,41640,41715,,,,DEBT,F,PAY7342,OTH,"Creech, Liebow & Kraus",,,,,,San Jose,CA,95110,525.00,0.00,525.00,0.00,PRO,,,,,,,,,,,,,,,,
820668,San Jose Silicon Valley Chamber of Commerce Political Action Committee (ChamberPAC),001,RCP,41766,41640,41715,,,,DEBT,F,PAY7345,OTH,Sutton Law Firm,,,,,,San Francisco,CA,94108,805.16,0.00,805.16,0.00,PRO,,,,,,,,,,,,,,,,
820668,San Jose Silicon Valley Chamber of Commerce Political Action Committee (ChamberPAC),001,RCP,41766,41640,41715,,,,DEBT,F,PAY7515,OTH,Scott & Cronin LLP,,,,,,Encinitas,CA,92024,0.00,500.00,0.00,500.00,PRO,,,,,,,,,,,,,,,,
820668,San Jose Silicon Valley Chamber of Commerce Political Action Committee (ChamberPAC),001,RCP,41766,41640,41715,,,,DEBT,F,PAY7619,OTH,"Meridian Pacific, Inc.",,,,,,Sacramento,CA,95825,0.00,1500.00,0.00,1500.00,CNS,,,,,,,,,,,,,,,,
1362187,Dave Cortese for Mayor 2014,01,CAO,41744,41640,41715,41947,,,DEBT,F,D387664,OTH,Terris Barnes Walters,,,,,,San Francisco,CA,94104-1219,4741.12,0.00,4741.12,0.00,OFC,,,,,,,,,,,,,,,,
1362187,Dave Cortese for Mayor 2014,01,CAO,41744,41640,41715,41947,,,DEBT,F,D387665,OTH,Pacific Printing,,,,,,San Jose,CA,95112-5827,4741.12,0.00,4741.12,0.00,OFC,"Letterhead, envelopes, remit stickers, signs, business cards",,,,,,,,,,,X,,D387664,,
1362187,Dave Cortese for Mayor 2014,01,CAO,41744,41640,41715,41947,,,DEBT,F,D387669,OTH,Pacific Printing,,,,,,San Jose,CA,95112-5827,4741.12,0.00,4741.12,0.00,POS,Postage Kick-off,,,,,,,,,,,X,,D387664,,
1362187,Dave Cortese for Mayor 2014,01,CAO,41744,41640,41715,41947,,,DEBT,F,D388042,OTH,Pacific Printing,,,,,,San Jose,CA,95112-5827,4741.12,0.00,4741.12,0.00,LIT,"Mailhouse, Printing Kick-off",,,,,,,,,,,X,,D387664,,
1362219,Magdalena Carrasco for City Council 2014,1,RCP,41729,41640,41715,41793,,,DEBT,F,D462024,OTH,Political Data Inc.,,,,,,Norwalk,CA,90650,827.00,0.00,827.00,0.00,,Voter Research,,,,,,,,,,,,,,,
1362219,Magdalena Carrasco for City Council 2014,1,RCP,41729,41640,41715,41793,,,DEBT,F,D467984,OTH,"Contribution Solutions, LLC",,,,,,San Jose,CA,95112,0.00,450.00,0.00,450.00,PRO,,,,,,,,,,,,,,,,
1362219,Magdalena Carrasco for City Council 2014,1,RCP,41729,41640,41715,41793,,,DEBT,F,D467985,OTH,"Contribution Solutions, LLC",,,,,,San Jose,CA,95112,0.00,100.00,0.00,100.00,PRO,,,,,,,,,,,,,,,,
1362219,Magdalena Carrasco for City Council 2014,1,RCP,41729,41640,41715,41793,,,DEBT,F,D461595,OTH,"Contribution Solutions, LLC",,,,,,San Jose,CA,95112,450.00,0.00,450.00,0.00,PRO,,,,,,,,,,,,,,,,
1362219,Magdalena Carrasco for City Council 2014,1,RCP,41729,41640,41715,41793,,,DEBT,F,D461596,OTH,"Contribution Solutions, LLC",,,,,,San Jose,CA,95112,285.97,0.00,0.00,285.97,OFC,,,,,,,,,,,,,,,,
1362219,Magdalena Carrasco for City Council 2014,1,RCP,41729,41640,41715,41793,,,DEBT,F,D461598,OTH,"NGP VAN, Inc.",,,,,,Washington,DC,20005,150.00,0.00,0.00,150.00,OFC,,,,,,,,,,,,,,,,
1361139,Neighbors for Sam Liccardo for Mayor 2014,1,CAO,41724,41640,41715,41793,,,DEBT,F,D464081,IND,Liccardo,Sam,,,,,San Jose,CA,95113,3045.34,0.00,0.00,3045.34,,"Reimbursement - Staff payment, office expenses, event expenses, signage",,,,,,,,,,,,,,,
1361139,Neighbors for Sam Liccardo for Mayor 2014,1,CAO,41724,41640,41715,41793,,,DEBT,F,D462022,OTH,Sutton Law Firm,,,,,,San Francisco,CA,94108,4798.01,0.00,4798.01,0.00,PRO,,,,,,,,,,,,,,,,
1361139,Neighbors for Sam Liccardo for Mayor 2014,1,CAO,41724,41640,41715,41793,,,DEBT,F,D460173,IND,Padilla,Jonathan,,,,,San Jose,CA,95148,168.24,0.00,168.24,0.00,,"Reimbursement - Event supplies, volunteer food, office supplies",,,,,,,,,,,,,,,
1361139,Neighbors for Sam Liccardo for Mayor 2014,1,CAO,41724,41640,41715,41793,,,DEBT,F,D468306,OTH,Bank of America,,,,,,Charlotte,NC,28255,0.00,2502.15,0.00,2502.15,,"Office Expenses, Postage, Robo Calls, Campaign Paraphernalia",,,,,,,,,,,,,,,
1361139,Neighbors for Sam Liccardo for Mayor 2014,1,CAO,41724,41640,41715,41793,,,DEBT,F,D460176,IND,Rasheed,Bushra,,,,,San Jose,CA,95121,212.03,0.00,212.03,0.00,,"Reimbursement - Volunteer food, office expenses",,,,,,,,,,,,,,,
1361139,Neighbors for Sam Liccardo for Mayor 2014,1,CAO,41724,41640,41715,41793,,,DEBT,F,D468307,IND,Padilla,Jonathan,,,,,San Jose,CA,95148,0.00,379.97,0.00,379.97,,"Postage, Event and Volunteer Food",,,,,,,,,,,,,,,
1361139,Neighbors for Sam Liccardo for Mayor 2014,1,CAO,41724,41640,41715,41793,,,DEBT,F,D468308,IND,Garcia-Kohl,Jessica,,,,,San Jose,CA,95112,0.00,19.60,0.00,19.60,POS,,,,,,,,,,,,,,,,
1361139,Neighbors for Sam Liccardo for Mayor 2014,1,CAO,41724,41640,41715,41793,,,DEBT,F,D468309,IND,Liccardo,Laura,,,,,San Jose,CA,95125,0.00,495.00,0.00,495.00,FIL,,,,,,,,,,,,,,,,
1362219,Magdalena Carrasco for City Council 2014,000,RCP,41725,41640,41715,41793,,,DEBT,F,D462024,OTH,Political Data Inc.,,,,,,Norwalk,CA,90650,827.00,0.00,827.00,0.00,,Voter Research,,,,,,,,,,,,,,,
1362219,Magdalena Carrasco for City Council 2014,000,RCP,41725,41640,41715,41793,,,DEBT,F,D467984,OTH,"Contribution Solutions, LLC",,,,,,San Jose,CA,95112,0.00,450.00,0.00,450.00,PRO,,,,,,,,,,,,,,,,
1362219,Magdalena Carrasco for City Council 2014,000,RCP,41725,41640,41715,41793,,,DEBT,F,D467985,OTH,"Contribution Solutions, LLC",,,,,,San Jose,CA,95112,0.00,100.00,0.00,100.00,PRO,,,,,,,,,,,,,,,,
1362219,Magdalena Carrasco for City Council 2014,000,RCP,41725,41640,41715,41793,,,DEBT,F,D461595,OTH,"Contribution Solutions, LLC",,,,,,San Jose,CA,95112,450.00,0.00,450.00,0.00,PRO,,,,,,,,,,,,,,,,
1362219,Magdalena Carrasco for City Council 2014,000,RCP,41725,41640,41715,41793,,,DEBT,F,D461596,OTH,"Contribution Solutions, LLC",,,,,,San Jose,CA,95112,285.97,0.00,0.00,285.97,OFC,,,,,,,,,,,,,,,,
1362219,Magdalena Carrasco for City Council 2014,000,RCP,41725,41640,41715,41793,,,DEBT,F,D461598,OTH,"NGP VAN, Inc.",,,,,,Washington,DC,20005,150.00,0.00,0.00,150.00,OFC,,,,,,,,,,,,,,,,
1361879,"Kathy Sutherland for City Council District 3, 2014",1,RCP,41724,41640,41715,41793,,,DEBT,F,D468316,OTH,Citi Cards,,,,,,Des Moines,IA,50363-0005,0.00,834.73,0.00,834.73,,"Event Ticket, Information Tech., Office Expenses",,,,,,,,,,,,,,,
1361879,"Kathy Sutherland for City Council District 3, 2014",1,RCP,41724,41640,41715,41793,,,DEBT,F,D468317,OTH,Voter Guide Slate Cards,,,,,,Long Beach,CA,90808,0.00,1200.00,0.00,1200.00,LIT,,,,,,,,,,,,,,,,
1361879,"Kathy Sutherland for City Council District 3, 2014",1,RCP,41724,41640,41715,41793,,,DEBT,F,D468318,IND,Sutherland,Kathy,,,,,San Jose,CA,95126,0.00,75.00,0.00,75.00,MTG,,,,,,,,,,,,,,,,
1361106,Friends of George Kleidon for City Council 2014,000,CTL,41722,41640,41715,41793,,,DEBT,F,6mHrJQmzY15P,OTH,PayPal,,,,,,San Jose,CA,95131,0.00,3.20,0.00,3.20,,Fees,,,,,,,,,,,,,,,
1361106,Friends of George Kleidon for City Council 2014,000,CTL,41722,41640,41715,41793,,,DEBT,F,Z588TEhJCdYa,OTH,PayPal,,,,,,San Jose,CA,95131,0.00,1.03,0.00,1.03,,Fees,,,,,,,,,,,,,,,
1361106,Friends of George Kleidon for City Council 2014,000,CTL,41722,41640,41715,41793,,,DEBT,F,ADR5L9X7DYuJ,OTH,PayPal,,,,,,San Jose,CA,95131,0.00,1.03,0.00,1.03,,Fees,,,,,,,,,,,,,,,
1361106,Friends of George Kleidon for City Council 2014,000,CTL,41722,41640,41715,41793,,,DEBT,F,srukhSE5YSsS,OTH,PayPal,,,,,,San Jose,CA,95131,0.00,1.75,0.00,1.75,,Fees,,,,,,,,,,,,,,,
1361106,Friends of George Kleidon for City Council 2014,000,CTL,41722,41640,41715,41793,,,DEBT,F,GbjmHmljZ2bo,OTH,PayPal,,,,,,San Jose,CA,95131,0.00,1.03,0.00,1.03,,Fees,,,,,,,,,,,,,,,
1361106,Friends of George Kleidon for City Council 2014,000,CTL,41722,41640,41715,41793,,,DEBT,F,iowFNCrgGsUB,OTH,PayPal,,,,,,San Jose,CA,95131,0.00,4.20,0.00,4.20,,Fees,,,,,,,,,,,,,,,
1361106,Friends of George Kleidon for City Council 2014,000,CTL,41722,41640,41715,41793,,,DEBT,F,p6QMh9tmVCEX,OTH,PayPal,,,,,,San Jose,CA,95131,0.00,1.03,0.00,1.03,,Fees,,,,,,,,,,,,,,,
1361106,Friends of George Kleidon for City Council 2014,000,CTL,41722,41640,41715,41793,,,DEBT,F,ocwX2PHW22DE,OTH,PayPal,,,,,,San Jose,CA,95131,0.00,7.55,0.00,7.55,,Fees,,,,,,,,,,,,,,,
1361106,Friends of George Kleidon for City Council 2014,000,CTL,41722,41640,41715,41793,,,DEBT,F,YIdUmU8fKWLe,OTH,PayPal,,,,,,San Jose,CA,95131,0.00,3.20,0.00,3.20,,Fees,,,,,,,,,,,,,,,
1361106,Friends of George Kleidon for City Council 2014,000,CTL,41722,41640,41715,41793,,,DEBT,F,NWsS7J4plGFX,OTH,PayPal,,,,,,San Jose,CA,95131,0.00,1.03,0.00,1.03,,Fees,,,,,,,,,,,,,,,
1361106,Friends of George Kleidon for City Council 2014,000,CTL,41722,41640,41715,41793,,,DEBT,F,mDnj6gQzKGsv,OTH,PayPal,,,,,,San Jose,CA,95131,0.00,1.75,0.00,1.75,,Fees,,,,,,,,,,,,,,,
1361106,Friends of George Kleidon for City Council 2014,000,CTL,41722,41640,41715,41793,,,DEBT,F,CyKKw8hUIPv8,OTH,PayPal,,,,,,San Jose,CA,95131,0.00,15.12,0.00,15.12,,fees,,,,,,,,,,,,,,,
1361106,Friends of George Kleidon for City Council 2014,000,CTL,41722,41640,41715,41793,,,DEBT,F,trjmpU2l36GY,OTH,Pacific Printing,,,,,,San Jose,CA,95112,391.50,0.00,0.00,391.50,PRT,Remits,,,,,,,,,,,,,,,
1361106,Friends of George Kleidon for City Council 2014,000,CTL,41722,41640,41715,41793,,,DEBT,F,e3bk5g5igiqN,OTH,Pacific Printing,,,,,,San Jose,CA,95112,119.63,0.00,0.00,119.63,PRT,Business Cards,,,,,,,,,,,,,,,
1361106,Friends of George Kleidon for City Council 2014,000,CTL,41722,41640,41715,41793,,,DEBT,F,t487YIrOttPt,OTH,Go Daddy,,,,,,Scottsdale,AZ,85260,12.00,0.00,0.00,12.00,WEB,georgekleidon.com,,,,,,,,,,,,,,,
1361106,Friends of George Kleidon for City Council 2014,000,CTL,41722,41640,41715,41793,,,DEBT,F,G9Hge7J8xiGH,OTH,Go Daddy,,,,,,Scottsdale,AZ,85260,9.99,0.00,0.00,9.99,WEB,georgekleidon.com,,,,,,,,,,,,,,,
1361106,Friends of George Kleidon for City Council 2014,000,CTL,41722,41640,41715,41793,,,DEBT,F,2rnWOVWveb2h,OTH,Wix.com,,,,,,San Francisco,CA,94104,99.00,0.00,0.00,99.00,WEB,,,,,,,,,,,,,,,,
ID1362189,Mejia for City Council 2014,001,CTL,41722,41640,41715,41793,,,DEBT,F,so4w2ksaRgwz,OTH,Capitol Consulting & PR,,,,,,Carmel,CA,93922,2000.00,0.00,0.00,2000.00,CNS,December 2013 Consulting Fees,,,,,,,,,,,,,,,
ID1362189,Mejia for City Council 2014,001,CTL,41722,41640,41715,41793,,,DEBT,F,D4tThpmxIDtc,OTH,Joelle Creative Design Studio,,,,,,San Jose,CA,95121,5500.00,0.00,0.00,5500.00,,Logo Design & Brand Asset Design,,,,,,,,,,,,,,,
ID1362189,Mejia for City Council 2014,000,CTL,41722,41640,41715,41793,,,DEBT,F,so4w2ksaRgwz,OTH,Capitol Consulting & PR,,,,,,Carmel,CA,93922,2000.00,0.00,0.00,2000.00,CNS,December 2013 Consulting Fees,,,,,,,,,,,,,,,
ID1362189,Mejia for City Council 2014,000,CTL,41722,41640,41715,41793,,,DEBT,F,D4tThpmxIDtc,OTH,Joelle Creative Design Studio,,,,,,San Jose,CA,95121,5500.00,0.00,0.00,5500.00,,Logo Design & Brand Asset Design,,,,,,,,,,,,,,,
FPPC#1361,Charles Jones for City Council 2014,000,CTL,41722,41640,41715,41793,,,DEBT,F,boSmjlgISqwc,OTH,DKH Studios,,,,,,San Jose,CA,95112,0.00,1250.00,0.00,1250.00,LIT,,,,,,,,,,,,,,,,
1362187,Dave Cortese for Mayor 2014,000,CAO,41721,41640,41715,41947,,,DEBT,F,D387664,OTH,Terris Barnes Walters,,,,,,San Francisco,CA,94104-1219,4741.12,0.00,4741.12,0.00,OFC,,,,,,,,,,,,,,,,
1362187,Dave Cortese for Mayor 2014,000,CAO,41721,41640,41715,41947,,,DEBT,F,D387665,OTH,Pacific Printing,,,,,,San Jose,CA,95112-5827,4741.12,0.00,4741.12,0.00,OFC,"Letterhead, envelopes, remit stickers, signs, business cards",,,,,,,,,,,X,,D387664,,
1362187,Dave Cortese for Mayor 2014,000,CAO,41721,41640,41715,41947,,,DEBT,F,D387669,OTH,Pacific Printing,,,,,,San Jose,CA,95112-5827,4741.12,0.00,4741.12,0.00,POS,Postage Kick-off,,,,,,,,,,,X,,D387664,,
1362187,Dave Cortese for Mayor 2014,000,CAO,41721,41640,41715,41947,,,DEBT,F,D388042,OTH,Pacific Printing,,,,,,San Jose,CA,95112-5827,4741.12,0.00,4741.12,0.00,LIT,"Mailhouse, Printing Kick-off",,,,,,,,,,,X,,D387664,,
1362352,Xavier Campos for City Council 2014,000,CTL,41719,41640,41715,41793,,,DEBT,F,F-30-V,OTH,EMC Research,,,,,,Oakland,CA,94612,0.00,10000.00,0.00,10000.00,POL,,,,,,,,,,,,,,,,
1362352,Xavier Campos for City Council 2014,000,CTL,41719,41640,41715,41793,,,DEBT,F,F-29-V,OTH,John A. Jensen Graphic Design,,,,,,Oakland,CA,94611,0.00,600.00,0.00,600.00,LIT,,,,,,,,,,,,,,,,
1362352,Xavier Campos for City Council 2014,000,CTL,41719,41640,41715,41793,,,DEBT,F,F-28-V,OTH,Miller & Olson LLP,,,,,,Burlingame,CA,94010,0.00,3009.72,0.00,3009.72,PRO,,,,,,,,,,,,,,,,
1361879,"Kathy Sutherland for City Council District 3, 2014",000,RCP,41722,41640,41715,41793,,,DEBT,F,D468316,OTH,Citi Cards,,,,,,Des Moines,IA,50363-0005,0.00,834.73,0.00,834.73,,"Event Ticket, Information Tech., Office Expenses",,,,,,,,,,,,,,,
1361879,"Kathy Sutherland for City Council District 3, 2014",000,RCP,41722,41640,41715,41793,,,DEBT,F,D468317,OTH,Voter Guide Slate Cards,,,,,,Long Beach,CA,90808,0.00,1200.00,0.00,1200.00,LIT,,,,,,,,,,,,,,,,
1361879,"Kathy Sutherland for City Council District 3, 2014",000,RCP,41722,41640,41715,41793,,,DEBT,F,D468318,IND,Sutherland,Kathy,,,,,San Jose,CA,95126,0.00,75.00,0.00,75.00,MTG,,,,,,,,,,,,,,,,
1361139,Neighbors for Sam Liccardo for Mayor 2014,000,CAO,41722,41640,41715,41793,,,DEBT,F,D464081,IND,Liccardo,Sam,,,,,San Jose,CA,95113,3045.34,0.00,0.00,3045.34,,"Reimbursement - Staff payment, office expenses, event expenses, signage",,,,,,,,,,,,,,,
1361139,Neighbors for Sam Liccardo for Mayor 2014,000,CAO,41722,41640,41715,41793,,,DEBT,F,D462022,OTH,Sutton Law Firm,,,,,,San Francisco,CA,94108,4798.01,0.00,4798.01,0.00,PRO,,,,,,,,,,,,,,,,
1361139,Neighbors for Sam Liccardo for Mayor 2014,000,CAO,41722,41640,41715,41793,,,DEBT,F,D460173,IND,Padilla,Jonathan,,,,,San Jose,CA,95148,168.24,0.00,168.24,0.00,,"Reimbursement - Event supplies, volunteer food, office supplies",,,,,,,,,,,,,,,
1361139,Neighbors for Sam Liccardo for Mayor 2014,000,CAO,41722,41640,41715,41793,,,DEBT,F,D468306,OTH,Bank of America,,,,,,Charlotte,NC,28255,0.00,2502.15,0.00,2502.15,,"Office Expenses, Postage, Robo Calls, Campaign Paraphernalia",,,,,,,,,,,,,,,
1361139,Neighbors for Sam Liccardo for Mayor 2014,000,CAO,41722,41640,41715,41793,,,DEBT,F,D460176,IND,Rasheed,Bushra,,,,,San Jose,CA,95121,212.03,0.00,212.03,0.00,,"Reimbursement - Volunteer food, office expenses",,,,,,,,,,,,,,,
1361139,Neighbors for Sam Liccardo for Mayor 2014,000,CAO,41722,41640,41715,41793,,,DEBT,F,D468307,IND,Padilla,Jonathan,,,,,San Jose,CA,95148,0.00,379.97,0.00,379.97,,"Postage, Event and Volunteer Food",,,,,,,,,,,,,,,
1361139,Neighbors for Sam Liccardo for Mayor 2014,000,CAO,41722,41640,41715,41793,,,DEBT,F,D468308,IND,Garcia-Kohl,Jessica,,,,,San Jose,CA,95112,0.00,19.60,0.00,19.60,POS,,,,,,,,,,,,,,,,
1361139,Neighbors for Sam Liccardo for Mayor 2014,000,CAO,41722,41640,41715,41793,,,DEBT,F,D468309,IND,Liccardo,Laura,,,,,San Jose,CA,95125,0.00,495.00,0.00,495.00,FIL,,,,,,,,,,,,,,,,
1362201,Maya Esparza for City Council 2014,000,CAO,41722,41640,41715,41793,,,DEBT,F,D459041,OTH,"NGP VAN, Inc.",,,,,,Washington,DC,20005,175.00,0.00,175.00,0.00,OFC,,,,,,,,,,,,,,,,
1362201,Maya Esparza for City Council 2014,000,CAO,41722,41640,41715,41793,,,DEBT,F,D467981,OTH,"Contribution Solutions, LLC",,,,,,San Jose,CA,95112,0.00,400.00,0.00,400.00,PRO,,,,,,,,,,,,,,,,
1362201,Maya Esparza for City Council 2014,000,CAO,41722,41640,41715,41793,,,DEBT,F,D467982,OTH,"Contribution Solutions, LLC",,,,,,San Jose,CA,95112,0.00,200.00,0.00,200.00,PRO,,,,,,,,,,,,,,,,
1362201,Maya Esparza for City Council 2014,000,CAO,41722,41640,41715,41793,,,DEBT,F,D459038,OTH,"Contribution Solutions, LLC",,,,,,San Jose,CA,95112,400.00,0.00,400.00,0.00,PRO,,,,,,,,,,,,,,,,
1362201,Maya Esparza for City Council 2014,000,CAO,41722,41640,41715,41793,,,DEBT,F,D459039,OTH,"Contribution Solutions, LLC",,,,,,San Jose,CA,95112,285.97,0.00,285.97,0.00,OFC,,,,,,,,,,,,,,,,
1362127,Friends of Don Gagliardi for San Jose City Council (District 3) in 2014,000,CAO,41722,41640,41715,41793,,,DEBT,F,VNEZD9H78T6,OTH,Data Marketing Inc.,,,,,,San Jose,CA,95131-1120,770.00,0.00,770.00,0.00,LIT,,,,,,,,,,,,,,,,
1362127,Friends of Don Gagliardi for San Jose City Council (District 3) in 2014,000,CAO,41722,41640,41715,41793,,,DEBT,F,VNEZD9H95B6,IND,Lu,Sonya,,,,,San Jose,CA,95112-1729,0.00,449.50,0.00,449.50,OFC,Office Expenses,,,,,,,,,,,,,,,
1362127,Friends of Don Gagliardi for San Jose City Council (District 3) in 2014,000,CAO,41722,41640,41715,41793,,,DEBT,F,VNEZD9H78V4,IND,Morrill,Tina,,,,,San Jose,CA,95110-2243,3500.00,0.00,3500.00,0.00,CNS,,,,,,,,,,,,,,,,
1355422,Paul Fong for Assembly 2012 Officeholder Account,000,CTL,41720,41640,41715,41219,,,DEBT,F,PAY27,OTH,Tequila Museo Mayahuel,,,,,,Sacramento,CA,95814,-116.64,116.64,0.00,0.00,,Deposit refund,,,,,,,,,,,,,,,
1355422,Paul Fong for Assembly 2012 Officeholder Account,000,CTL,41720,41640,41715,41219,,,DEBT,F,PAY79,OTH,McKinley Pillows Fundraising,,,,,,Sacramento,CA,95814,225.67,0.00,225.67,0.00,FND,,,,,,,,,,,,,,,,
1355422,Paul Fong for Assembly 2012 Officeholder Account,000,CTL,41720,41640,41715,41219,,,DEBT,F,PAY69,OTH,Wells Fargo Business Card,,,,,,San Francisco,CA,94103,269.05,0.00,269.05,0.00,,WEB/CVC/MTG,,,,,,,,,,,,,,,
1355422,Paul Fong for Assembly 2012 Officeholder Account,000,CTL,41720,41640,41715,41219,,,DEBT,F,PAY68,OTH,Warren & Associates LLC,,,,,,Novato,CA,94949,509.87,0.00,509.87,0.00,,PRO/OFC,,,,,,,,,,,,,,,
1355422,Paul Fong for Assembly 2012 Officeholder Account,000,CTL,41720,41640,41715,41219,,,DEBT,F,PAY88,OTH,Warren & Associates LLC,,,,,,Novato,CA,94949,0.00,105.00,0.00,105.00,PRO,,,,,,,,,,,,,,,,
1296165,Paul Fong for Assembly 2008,000,CTL,41720,41640,41715,39756,,,DEBT,F,PAY1103,IND,Fong,Paul J.,,,,,Sunnyvale,CA,94086-0000,1000.00,0.00,0.00,1000.00,OFC,,,,,,,,,,,,,,,,
1296165,Paul Fong for Assembly 2008,000,CTL,41720,41640,41715,39756,,,DEBT,F,PAY1104,IND,Fong,Paul J.,,,,,Sunnyvale,CA,94086-0000,1000.00,0.00,0.00,1000.00,OFC,,,,,,,,,,,,,,,,
1296165,Paul Fong for Assembly 2008,000,CTL,41720,41640,41715,39756,,,DEBT,F,PAY1105,IND,Fong,Paul J.,,,,,Sunnyvale,CA,94086-0000,1000.00,0.00,0.00,1000.00,OFC,,,,,,,,,,,,,,,,
1296165,Paul Fong for Assembly 2008,000,CTL,41720,41640,41715,39756,,,DEBT,F,PAY1157,IND,Fong,Paul J.,,,,,Sunnyvale,CA,94086-0000,1000.00,0.00,0.00,1000.00,OFC,,,,,,,,,,,,,,,,
1296165,Paul Fong for Assembly 2008,000,CTL,41720,41640,41715,39756,,,DEBT,F,PAY1158,IND,Fong,Paul J.,,,,,Sunnyvale,CA,94086-0000,1000.00,0.00,0.00,1000.00,OFC,,,,,,,,,,,,,,,,
1296165,Paul Fong for Assembly 2008,000,CTL,41720,41640,41715,39756,,,DEBT,F,PAY1159,IND,Fong,Paul J.,,,,,Sunnyvale,CA,94086-0000,1000.00,0.00,0.00,1000.00,OFC,,,,,,,,,,,,,,,,
1296165,Paul Fong for Assembly 2008,000,CTL,41720,41640,41715,39756,,,DEBT,F,PAY1160,IND,Fong,Paul J.,,,,,Sunnyvale,CA,94086-0000,499.87,0.00,0.00,499.87,OFC,,,,,,,,,,,,,,,,
1296165,Paul Fong for Assembly 2008,000,CTL,41720,41640,41715,39756,,,DEBT,F,PAY1467,OTH,Ross Communications,,,,,,Sacramento,CA,95814,100000.00,0.00,0.00,100000.00,CNS,,,,,,,,,,,,,,,,
1296165,Paul Fong for Assembly 2008,000,CTL,41720,41640,41715,39756,,,DEBT,F,PAY1768,OTH,"Warren & Associates, LLC",,,,,,Novato,CA,94949,0.00,256.50,0.00,256.50,,PRO/OFC,,,,,,,,,,,,,,,
1296165,Paul Fong for Assembly 2008,000,CTL,41720,41640,41715,39756,,,DEBT,F,PAY1769,OTH,"Warren & Associates, LLC",,,,,,Novato,CA,94949,0.00,539.97,0.00,539.97,,PRO/OFC,,,,,,,,,,,,,,,
1296165,Paul Fong for Assembly 2008,000,CTL,41720,41640,41715,39756,,,DEBT,F,PAY1770,OTH,"Warren & Associates, LLC",,,,,,Novato,CA,94949,0.00,145.50,0.00,145.50,,PRO/OFC,,,,,,,,,,,,,,,
743393,"San Jose Firefighters, IAFF Local 230 Political Action Committee",000,RCP,41721,41640,41715,41793,,,DEBT,F,PAY651,OTH,"Saggau DeRollo, LLC",,,,,,San Jose,CA,95113,367.50,0.00,0.00,367.50,IND,"Placement of a newspaper ad in opposition to Rose Herrera for SJ Council, District 8",,,,,,,,,,,,,,,
743393,"San Jose Firefighters, IAFF Local 230 Political Action Committee",000,RCP,41721,41640,41715,41793,,,DEBT,F,PAY652,OTH,"Saggau DeRollo, LLC",,,,,,San Jose,CA,95113,367.50,0.00,0.00,367.50,IND,"Placement of a newspaper ad in support of Patricia Martinez Roach for SJ Council, District 8",,,,,,,,,,,,,,,
743393,"San Jose Firefighters, IAFF Local 230 Political Action Committee",000,RCP,41721,41640,41715,41793,,,DEBT,F,PAY653,OTH,"Saggau DeRollo, LLC",,,,,,San Jose,CA,95113,735.00,0.00,0.00,735.00,IND,Placement of a newspaper ad in opposition to Rose Herrera for SJ Council District 8,,,,,,,,,,,,,,,
743393,"San Jose Firefighters, IAFF Local 230 Political Action Committee",000,RCP,41721,41640,41715,41793,,,DEBT,F,PAY7513,OTH,"Rutan & Tucker, LLP",,,,,,Palo Alto,CA,94306,240.00,0.00,240.00,0.00,PRO,,,,,,,,,,,,,,,,
743393,"San Jose Firefighters, IAFF Local 230 Political Action Committee",000,RCP,41721,41640,41715,41793,,,DEBT,F,PAY17404,OTH,"Henry C. Levy & Company, CPAs",,,,,,Oakland,CA,94618,0.00,1804.55,0.00,1804.55,PRO,,,,,,,,,,,,,,,,
980947,Association of Retired San Jose Police Officers and Firefighters Political Action Committee,000,RCP,41718,41640,41715,41793,,,DEBT,F,PAY739,OTH,"Rutan & Tucker, LLP",,,,,,Palo Alto,CA,94306,157.44,0.00,0.00,157.44,PRO,,,,,,,,,,,,,,,,
980947,Association of Retired San Jose Police Officers and Firefighters Political Action Committee,000,RCP,41718,41640,41715,41793,,,DEBT,F,PAY813,OTH,The Henry Levy Group,,,,,,Oakland,CA,94618,401.65,0.00,401.65,0.00,PRO,,,,,,,,,,,,,,,,
980947,Association of Retired San Jose Police Officers and Firefighters Political Action Committee,000,RCP,41718,41640,41715,41793,,,DEBT,F,PAY810,OTH,"Saggau-DeRollo, LLC",,,,,,San Jose,CA,95113,2500.00,0.00,2500.00,0.00,CNS,,,,,,,,,,,,,,,,
980947,Association of Retired San Jose Police Officers and Firefighters Political Action Committee,000,RCP,41718,41640,41715,41793,,,DEBT,F,PAY811,OTH,"Saggau-DeRollo, LLC",,,,,,San Jose,CA,95113,35.00,0.00,35.00,0.00,WEB,Reimbursed expense under the $500 Schedule G threshold,,,,,,,,,,,,,,,
980947,Association of Retired San Jose Police Officers and Firefighters Political Action Committee,000,RCP,41718,41640,41715,41793,,,DEBT,F,PAY831,OTH,The Henry Levy Group,,,,,,Oakland,CA,94618,0.00,612.70,0.00,612.70,PRO,,,,,,,,,,,,,,,,
980947,Association of Retired San Jose Police Officers and Firefighters Political Action Committee,000,RCP,41718,41640,41715,41793,,,DEBT,F,PAY853,OTH,"Saggau-DeRollo, LLC",,,,,,San Jose,CA,95113,0.00,2500.00,0.00,2500.00,CNS,,,,,,,,,,,,,,,,
980947,Association of Retired San Jose Police Officers and Firefighters Political Action Committee,000,RCP,41718,41640,41715,41793,,,DEBT,F,PAY854,OTH,"Saggau-DeRollo, LLC",,,,,,San Jose,CA,95113,0.00,35.00,0.00,35.00,WEB,Reimbursed expense under the $500 schedule G threshold,,,,,,,,,,,,,,,
980947,Association of Retired San Jose Police Officers and Firefighters Political Action Committee,000,RCP,41718,41640,41715,41793,,,DEBT,F,PAY838,OTH,"Rutan & Tucker, LLP",,,,,,Palo Alto,CA,94306,0.00,804.00,0.00,804.00,PRO,,,,,,,,,,,,,,,,
1362278,Donald Rocha for San Jose City Council 2014,000,CTL,41722,41640,41715,41793,,,DEBT,F,8MAfQqa9xbPp,OTH,Bank of America (VISA),,,,,,Charlotte,NC,28202,0.00,54.60,0.00,54.60,,,,,,,,,,,,,,,,,
1362278,Donald Rocha for San Jose City Council 2014,000,CTL,41722,41640,41715,41793,,,DEBT,F,iRxqkcI6KcmV,OTH,City of San Jose,,,,,,San Jose,CA,95113,0.00,2680.00,0.00,2680.00,FIL,Candidate Statement Fee,,,,,,,,,,,,,,,
1362278,Donald Rocha for San Jose City Council 2014,000,CTL,41722,41640,41715,41793,,,DEBT,F,AYBtrPaQvP3S,OTH,City of San Jose,,,,,,San Jose,CA,95113,0.00,25.00,0.00,25.00,FIL,Filing fee,,,,,,,,,,,,,,,
1362278,Donald Rocha for San Jose City Council 2014,000,CTL,41722,41640,41715,41793,,,DEBT,F,gQ9UhMmqMomh,OTH,Pacific Printing,,,,,,San Jose,CA,95112,181.35,0.00,181.35,0.00,LIT,remit envelopes,,,,,,,,,,,,,,,
1362278,Donald Rocha for San Jose City Council 2014,000,CTL,41722,41640,41715,41793,,,DEBT,F,52eG75HsikS5,OTH,SV3 Designs,,,,,,San Jose,CA,95148,97.50,0.00,97.50,0.00,WEB,website work,,,,,,,,,,,,,,,
1362111,Paul Fong for San Jose City Council 2014,000,CTL,41720,41640,41715,41793,,,DEBT,F,PAY119,OTH,Pacific Printing,,,,,,San Jose,CA,95112,337.13,0.00,337.13,0.00,LIT,,,,,,,,,,,,,,,,
1362111,Paul Fong for San Jose City Council 2014,000,CTL,41720,41640,41715,41793,,,DEBT,F,PAY122,OTH,Warren & Associates LLC,,,,,,Novato,CA,94949,1477.50,0.00,1477.50,0.00,,PRO/OFC,,,,,,,,,,,,,,,
1362111,Paul Fong for San Jose City Council 2014,000,CTL,41720,41640,41715,41793,,,DEBT,F,PAY262,OTH,Warren & Associates LLC,,,,,,Novato,CA,94949,0.00,989.79,0.00,989.79,,PRO/OFC,,,,,,,,,,,,,,,
1362111,Paul Fong for San Jose City Council 2014,000,CTL,41720,41640,41715,41793,,,DEBT,F,PAY263,OTH,Warren & Associates LLC,,,,,,Novato,CA,94949,0.00,375.25,0.00,375.25,PRO,,,,,,,,,,,,,,,,
1362111,Paul Fong for San Jose City Council 2014,000,CTL,41720,41640,41715,41793,,,DEBT,F,PAY259,IND,Zeng,Jing,,,,,San Ramon,CA,94583,0.00,1.00,0.00,1.00,RFD,,,,,,,,,,,,,,,,
820668,San Jose Silicon Valley Chamber of Commerce Political Action Committee (ChamberPAC),000,RCP,41718,41640,41715,,,,DEBT,F,PAY7335,OTH,Scott & Cronin LLP,,,,,,Encinitas,CA,92024,561.83,0.00,561.83,0.00,PRO,,,,,,,,,,,,,,,,
820668,San Jose Silicon Valley Chamber of Commerce Political Action Committee (ChamberPAC),000,RCP,41718,41640,41715,,,,DEBT,F,PAY7337,OTH,San Jose Silicon Valley Chamber of Commerce,,,,,,San Jose,CA,95113,55.80,0.00,55.80,0.00,MTG,,,,,,,,,,,,,,,,
820668,San Jose Silicon Valley Chamber of Commerce Political Action Committee (ChamberPAC),000,RCP,41718,41640,41715,,,,DEBT,F,PAY7342,OTH,"Creech, Liebow & Kraus",,,,,,San Jose,CA,95110,525.00,0.00,525.00,0.00,PRO,,,,,,,,,,,,,,,,
820668,San Jose Silicon Valley Chamber of Commerce Political Action Committee (ChamberPAC),000,RCP,41718,41640,41715,,,,DEBT,F,PAY7345,OTH,Sutton Law Firm,,,,,,San Francisco,CA,94108,805.16,0.00,805.16,0.00,PRO,,,,,,,,,,,,,,,,
820668,San Jose Silicon Valley Chamber of Commerce Political Action Committee (ChamberPAC),000,RCP,41718,41640,41715,,,,DEBT,F,PAY7515,OTH,Scott & Cronin LLP,,,,,,Encinitas,CA,92024,0.00,500.00,0.00,500.00,PRO,,,,,,,,,,,,,,,,
1359560,Constant for Mayor 2014,000,CTL,41711,41640,41711,,,,DEBT,F,F-71-V,IND,Boling  CPA,C. April,,,,,San Diego,CA,92119,1250.00,0.00,1250.00,0.00,PRO,,,,,,,,,,,,,,,,
1359560,Constant for Mayor 2014,000,CTL,41711,41640,41711,,,,DEBT,F,F-68-V,OTH,Golden State Consultants,,,,,,San Diego,CA,92130,1500.00,0.00,1500.00,0.00,CNS,,,,,,,,,,,,,,,,
1359560,Constant for Mayor 2014,000,CTL,41711,41640,41711,,,,DEBT,F,F-69-V,OTH,MMediaWeb,,,,,,San Jose,CA,95131,3000.00,0.00,3000.00,0.00,WEB,,,,,,,,,,,,,,,,
1359560,Constant for Mayor 2014,000,CTL,41711,41640,41711,,,,DEBT,F,F-77-V,OTH,NationBuilder,,,,,,Los Angeles,CA,90013,899.00,0.00,899.00,0.00,WEB,,,,,,,,,,,,,,,,
1359560,Constant for Mayor 2014,000,CTL,41711,41640,41711,,,,DEBT,F,F-73-V,OTH,Revolvis Consulting  Inc.,,,,,,San Diego,CA,92119,3000.00,0.00,3000.00,0.00,CNS,,,,,,,,,,,,,,,,